"Scenario_name","Drug","IndividualId","Dose_mgkg","Sparse_AUC_ug_h_mL"
"Atezolizumab_Monkey_Dose0.3","Atezolizumab","1",0.3,969.674010174952
"Atezolizumab_Monkey_Dose0.3","Atezolizumab","10",0.3,1453.87875955379
"Atezolizumab_Monkey_Dose0.3","Atezolizumab","100",0.3,1026.27026251813
"Atezolizumab_Monkey_Dose0.3","Atezolizumab","11",0.3,1194.13595900918
"Atezolizumab_Monkey_Dose0.3","Atezolizumab","12",0.3,1336.98139608566
"Atezolizumab_Monkey_Dose0.3","Atezolizumab","13",0.3,1832.89688635301
"Atezolizumab_Monkey_Dose0.3","Atezolizumab","14",0.3,1235.19608509596
"Atezolizumab_Monkey_Dose0.3","Atezolizumab","15",0.3,1340.79893778023
"Atezolizumab_Monkey_Dose0.3","Atezolizumab","16",0.3,1220.3778315808
"Atezolizumab_Monkey_Dose0.3","Atezolizumab","17",0.3,985.647791144119
"Atezolizumab_Monkey_Dose0.3","Atezolizumab","18",0.3,1136.64918994628
"Atezolizumab_Monkey_Dose0.3","Atezolizumab","19",0.3,1208.27764099054
"Atezolizumab_Monkey_Dose0.3","Atezolizumab","2",0.3,1014.66917149441
"Atezolizumab_Monkey_Dose0.3","Atezolizumab","20",0.3,1208.54128412407
"Atezolizumab_Monkey_Dose0.3","Atezolizumab","21",0.3,1504.38834210769
"Atezolizumab_Monkey_Dose0.3","Atezolizumab","22",0.3,913.940873194861
"Atezolizumab_Monkey_Dose0.3","Atezolizumab","23",0.3,1456.02151046254
"Atezolizumab_Monkey_Dose0.3","Atezolizumab","24",0.3,1038.81810465309
"Atezolizumab_Monkey_Dose0.3","Atezolizumab","25",0.3,1099.33886121087
"Atezolizumab_Monkey_Dose0.3","Atezolizumab","26",0.3,910.581958455562
"Atezolizumab_Monkey_Dose0.3","Atezolizumab","27",0.3,1091.75459027653
"Atezolizumab_Monkey_Dose0.3","Atezolizumab","28",0.3,1076.91412414458
"Atezolizumab_Monkey_Dose0.3","Atezolizumab","29",0.3,1337.98298567149
"Atezolizumab_Monkey_Dose0.3","Atezolizumab","3",0.3,793.106674693376
"Atezolizumab_Monkey_Dose0.3","Atezolizumab","30",0.3,1108.11021887499
"Atezolizumab_Monkey_Dose0.3","Atezolizumab","31",0.3,818.850285287156
"Atezolizumab_Monkey_Dose0.3","Atezolizumab","32",0.3,1131.54321824805
"Atezolizumab_Monkey_Dose0.3","Atezolizumab","33",0.3,1449.10192206749
"Atezolizumab_Monkey_Dose0.3","Atezolizumab","34",0.3,1141.45581392264
"Atezolizumab_Monkey_Dose0.3","Atezolizumab","35",0.3,1065.20611723287
"Atezolizumab_Monkey_Dose0.3","Atezolizumab","36",0.3,1203.52734128836
"Atezolizumab_Monkey_Dose0.3","Atezolizumab","37",0.3,1239.33806028537
"Atezolizumab_Monkey_Dose0.3","Atezolizumab","38",0.3,743.087405200107
"Atezolizumab_Monkey_Dose0.3","Atezolizumab","39",0.3,796.371829572078
"Atezolizumab_Monkey_Dose0.3","Atezolizumab","4",0.3,1288.71135547552
"Atezolizumab_Monkey_Dose0.3","Atezolizumab","40",0.3,800.63225001611
"Atezolizumab_Monkey_Dose0.3","Atezolizumab","41",0.3,1210.89871195434
"Atezolizumab_Monkey_Dose0.3","Atezolizumab","42",0.3,1215.23456966537
"Atezolizumab_Monkey_Dose0.3","Atezolizumab","43",0.3,1037.28236303147
"Atezolizumab_Monkey_Dose0.3","Atezolizumab","44",0.3,987.624347152283
"Atezolizumab_Monkey_Dose0.3","Atezolizumab","45",0.3,1536.51563074992
"Atezolizumab_Monkey_Dose0.3","Atezolizumab","46",0.3,1217.01041895258
"Atezolizumab_Monkey_Dose0.3","Atezolizumab","47",0.3,1040.72002278616
"Atezolizumab_Monkey_Dose0.3","Atezolizumab","48",0.3,1215.84187330427
"Atezolizumab_Monkey_Dose0.3","Atezolizumab","49",0.3,1466.56172410837
"Atezolizumab_Monkey_Dose0.3","Atezolizumab","5",0.3,1004.54675835968
"Atezolizumab_Monkey_Dose0.3","Atezolizumab","50",0.3,1295.69145789183
"Atezolizumab_Monkey_Dose0.3","Atezolizumab","51",0.3,1246.86011838702
"Atezolizumab_Monkey_Dose0.3","Atezolizumab","52",0.3,1080.65442370696
"Atezolizumab_Monkey_Dose0.3","Atezolizumab","53",0.3,1294.57463607873
"Atezolizumab_Monkey_Dose0.3","Atezolizumab","54",0.3,745.92653610939
"Atezolizumab_Monkey_Dose0.3","Atezolizumab","55",0.3,984.402596926884
"Atezolizumab_Monkey_Dose0.3","Atezolizumab","56",0.3,1077.700594701
"Atezolizumab_Monkey_Dose0.3","Atezolizumab","57",0.3,1022.07876555995
"Atezolizumab_Monkey_Dose0.3","Atezolizumab","58",0.3,1306.69782530694
"Atezolizumab_Monkey_Dose0.3","Atezolizumab","59",0.3,1137.65486369807
"Atezolizumab_Monkey_Dose0.3","Atezolizumab","6",0.3,892.852945984147
"Atezolizumab_Monkey_Dose0.3","Atezolizumab","60",0.3,1000.1186984234
"Atezolizumab_Monkey_Dose0.3","Atezolizumab","61",0.3,1165.78028912173
"Atezolizumab_Monkey_Dose0.3","Atezolizumab","62",0.3,1511.42111419808
"Atezolizumab_Monkey_Dose0.3","Atezolizumab","63",0.3,1342.5096152798
"Atezolizumab_Monkey_Dose0.3","Atezolizumab","64",0.3,1081.30640571554
"Atezolizumab_Monkey_Dose0.3","Atezolizumab","65",0.3,1639.15188780138
"Atezolizumab_Monkey_Dose0.3","Atezolizumab","66",0.3,1148.8898448047
"Atezolizumab_Monkey_Dose0.3","Atezolizumab","67",0.3,1421.54305632006
"Atezolizumab_Monkey_Dose0.3","Atezolizumab","68",0.3,1105.69334883918
"Atezolizumab_Monkey_Dose0.3","Atezolizumab","69",0.3,1339.96711648859
"Atezolizumab_Monkey_Dose0.3","Atezolizumab","7",0.3,1672.30184791406
"Atezolizumab_Monkey_Dose0.3","Atezolizumab","70",0.3,1003.9474820271
"Atezolizumab_Monkey_Dose0.3","Atezolizumab","71",0.3,1445.59560060435
"Atezolizumab_Monkey_Dose0.3","Atezolizumab","72",0.3,1030.9866221913
"Atezolizumab_Monkey_Dose0.3","Atezolizumab","73",0.3,1871.05647583498
"Atezolizumab_Monkey_Dose0.3","Atezolizumab","74",0.3,1197.4167577296
"Atezolizumab_Monkey_Dose0.3","Atezolizumab","75",0.3,1123.91164803777
"Atezolizumab_Monkey_Dose0.3","Atezolizumab","76",0.3,1260.99382930909
"Atezolizumab_Monkey_Dose0.3","Atezolizumab","77",0.3,968.776600808509
"Atezolizumab_Monkey_Dose0.3","Atezolizumab","78",0.3,1393.57809908303
"Atezolizumab_Monkey_Dose0.3","Atezolizumab","79",0.3,983.645579514244
"Atezolizumab_Monkey_Dose0.3","Atezolizumab","8",0.3,1147.76465686859
"Atezolizumab_Monkey_Dose0.3","Atezolizumab","80",0.3,1082.31199362551
"Atezolizumab_Monkey_Dose0.3","Atezolizumab","81",0.3,1220.20108778199
"Atezolizumab_Monkey_Dose0.3","Atezolizumab","82",0.3,1315.66302224972
"Atezolizumab_Monkey_Dose0.3","Atezolizumab","83",0.3,1013.73652268624
"Atezolizumab_Monkey_Dose0.3","Atezolizumab","84",0.3,1346.06874071456
"Atezolizumab_Monkey_Dose0.3","Atezolizumab","85",0.3,1083.47511601349
"Atezolizumab_Monkey_Dose0.3","Atezolizumab","86",0.3,1507.41711093963
"Atezolizumab_Monkey_Dose0.3","Atezolizumab","87",0.3,1314.74444021242
"Atezolizumab_Monkey_Dose0.3","Atezolizumab","88",0.3,990.136293194516
"Atezolizumab_Monkey_Dose0.3","Atezolizumab","89",0.3,1103.13998679121
"Atezolizumab_Monkey_Dose0.3","Atezolizumab","9",0.3,1268.92877792008
"Atezolizumab_Monkey_Dose0.3","Atezolizumab","90",0.3,1408.77021628475
"Atezolizumab_Monkey_Dose0.3","Atezolizumab","91",0.3,964.915519324939
"Atezolizumab_Monkey_Dose0.3","Atezolizumab","92",0.3,1058.48967880499
"Atezolizumab_Monkey_Dose0.3","Atezolizumab","93",0.3,1158.66706788216
"Atezolizumab_Monkey_Dose0.3","Atezolizumab","94",0.3,1306.00906006023
"Atezolizumab_Monkey_Dose0.3","Atezolizumab","95",0.3,1239.33655468199
"Atezolizumab_Monkey_Dose0.3","Atezolizumab","96",0.3,1144.22513961523
"Atezolizumab_Monkey_Dose0.3","Atezolizumab","97",0.3,1226.39269959582
"Atezolizumab_Monkey_Dose0.3","Atezolizumab","98",0.3,832.161041391715
"Atezolizumab_Monkey_Dose0.3","Atezolizumab","99",0.3,1393.11581756716
"Atezolizumab_Monkey_Dose10","Atezolizumab","1",10,34609.357745158
"Atezolizumab_Monkey_Dose10","Atezolizumab","10",10,52695.2489941004
"Atezolizumab_Monkey_Dose10","Atezolizumab","100",10,39700.2129433502
"Atezolizumab_Monkey_Dose10","Atezolizumab","11",10,41011.6507096387
"Atezolizumab_Monkey_Dose10","Atezolizumab","12",10,45800.7405385124
"Atezolizumab_Monkey_Dose10","Atezolizumab","13",10,68069.066854999
"Atezolizumab_Monkey_Dose10","Atezolizumab","14",10,44250.3782019242
"Atezolizumab_Monkey_Dose10","Atezolizumab","15",10,49610.2087737243
"Atezolizumab_Monkey_Dose10","Atezolizumab","16",10,47327.9480601479
"Atezolizumab_Monkey_Dose10","Atezolizumab","17",10,35152.5279038492
"Atezolizumab_Monkey_Dose10","Atezolizumab","18",10,41202.0469821379
"Atezolizumab_Monkey_Dose10","Atezolizumab","19",10,43025.3069538409
"Atezolizumab_Monkey_Dose10","Atezolizumab","2",10,35561.9840478905
"Atezolizumab_Monkey_Dose10","Atezolizumab","20",10,45015.0719076772
"Atezolizumab_Monkey_Dose10","Atezolizumab","21",10,54297.1505642734
"Atezolizumab_Monkey_Dose10","Atezolizumab","22",10,33377.4561077868
"Atezolizumab_Monkey_Dose10","Atezolizumab","23",10,51071.1973314492
"Atezolizumab_Monkey_Dose10","Atezolizumab","24",10,35895.3306390749
"Atezolizumab_Monkey_Dose10","Atezolizumab","25",10,38186.8920553065
"Atezolizumab_Monkey_Dose10","Atezolizumab","26",10,36686.207117348
"Atezolizumab_Monkey_Dose10","Atezolizumab","27",10,39668.8630427034
"Atezolizumab_Monkey_Dose10","Atezolizumab","28",10,38641.9761242695
"Atezolizumab_Monkey_Dose10","Atezolizumab","29",10,49234.0016703851
"Atezolizumab_Monkey_Dose10","Atezolizumab","3",10,28553.8448764376
"Atezolizumab_Monkey_Dose10","Atezolizumab","30",10,38535.3307908465
"Atezolizumab_Monkey_Dose10","Atezolizumab","31",10,31268.4047619258
"Atezolizumab_Monkey_Dose10","Atezolizumab","32",10,41155.6418500249
"Atezolizumab_Monkey_Dose10","Atezolizumab","33",10,51321.4367905364
"Atezolizumab_Monkey_Dose10","Atezolizumab","34",10,42101.4956913704
"Atezolizumab_Monkey_Dose10","Atezolizumab","35",10,39785.8556396626
"Atezolizumab_Monkey_Dose10","Atezolizumab","36",10,42340.7821556433
"Atezolizumab_Monkey_Dose10","Atezolizumab","37",10,43041.3719020552
"Atezolizumab_Monkey_Dose10","Atezolizumab","38",10,29277.3330899388
"Atezolizumab_Monkey_Dose10","Atezolizumab","39",10,28554.3222724777
"Atezolizumab_Monkey_Dose10","Atezolizumab","4",10,45566.6924359419
"Atezolizumab_Monkey_Dose10","Atezolizumab","40",10,30330.576155476
"Atezolizumab_Monkey_Dose10","Atezolizumab","41",10,42728.5775856416
"Atezolizumab_Monkey_Dose10","Atezolizumab","42",10,41842.7183753133
"Atezolizumab_Monkey_Dose10","Atezolizumab","43",10,35919.360532213
"Atezolizumab_Monkey_Dose10","Atezolizumab","44",10,35975.2826985647
"Atezolizumab_Monkey_Dose10","Atezolizumab","45",10,55436.7766873399
"Atezolizumab_Monkey_Dose10","Atezolizumab","46",10,41832.7244217739
"Atezolizumab_Monkey_Dose10","Atezolizumab","47",10,35704.2356189742
"Atezolizumab_Monkey_Dose10","Atezolizumab","48",10,42422.4231532928
"Atezolizumab_Monkey_Dose10","Atezolizumab","49",10,51300.9587702766
"Atezolizumab_Monkey_Dose10","Atezolizumab","5",10,37830.9513771577
"Atezolizumab_Monkey_Dose10","Atezolizumab","50",10,45790.5967301452
"Atezolizumab_Monkey_Dose10","Atezolizumab","51",10,45787.6056039315
"Atezolizumab_Monkey_Dose10","Atezolizumab","52",10,38421.181001001
"Atezolizumab_Monkey_Dose10","Atezolizumab","53",10,43802.6531834074
"Atezolizumab_Monkey_Dose10","Atezolizumab","54",10,29260.1845857079
"Atezolizumab_Monkey_Dose10","Atezolizumab","55",10,34663.8871977122
"Atezolizumab_Monkey_Dose10","Atezolizumab","56",10,39408.6059694969
"Atezolizumab_Monkey_Dose10","Atezolizumab","57",10,36918.5258580638
"Atezolizumab_Monkey_Dose10","Atezolizumab","58",10,45983.780791798
"Atezolizumab_Monkey_Dose10","Atezolizumab","59",10,40193.4224047097
"Atezolizumab_Monkey_Dose10","Atezolizumab","6",10,33940.8631813176
"Atezolizumab_Monkey_Dose10","Atezolizumab","60",10,38693.9765620913
"Atezolizumab_Monkey_Dose10","Atezolizumab","61",10,41616.3366464032
"Atezolizumab_Monkey_Dose10","Atezolizumab","62",10,53350.5160500883
"Atezolizumab_Monkey_Dose10","Atezolizumab","63",10,45932.2560791149
"Atezolizumab_Monkey_Dose10","Atezolizumab","64",10,37848.4949884247
"Atezolizumab_Monkey_Dose10","Atezolizumab","65",10,58996.0723336759
"Atezolizumab_Monkey_Dose10","Atezolizumab","66",10,39513.5531322071
"Atezolizumab_Monkey_Dose10","Atezolizumab","67",10,49365.6601172728
"Atezolizumab_Monkey_Dose10","Atezolizumab","68",10,39466.3597872968
"Atezolizumab_Monkey_Dose10","Atezolizumab","69",10,48353.1152464915
"Atezolizumab_Monkey_Dose10","Atezolizumab","7",10,58352.2305267131
"Atezolizumab_Monkey_Dose10","Atezolizumab","70",10,34584.3693808065
"Atezolizumab_Monkey_Dose10","Atezolizumab","71",10,51032.281071376
"Atezolizumab_Monkey_Dose10","Atezolizumab","72",10,37944.8799823585
"Atezolizumab_Monkey_Dose10","Atezolizumab","73",10,66182.4544739063
"Atezolizumab_Monkey_Dose10","Atezolizumab","74",10,43237.5430246157
"Atezolizumab_Monkey_Dose10","Atezolizumab","75",10,39274.746282763
"Atezolizumab_Monkey_Dose10","Atezolizumab","76",10,42518.168748537
"Atezolizumab_Monkey_Dose10","Atezolizumab","77",10,34972.6915289977
"Atezolizumab_Monkey_Dose10","Atezolizumab","78",10,49035.3482848277
"Atezolizumab_Monkey_Dose10","Atezolizumab","79",10,33937.768373409
"Atezolizumab_Monkey_Dose10","Atezolizumab","8",10,38877.8698571437
"Atezolizumab_Monkey_Dose10","Atezolizumab","80",10,40623.4933353779
"Atezolizumab_Monkey_Dose10","Atezolizumab","81",10,43204.3461508959
"Atezolizumab_Monkey_Dose10","Atezolizumab","82",10,47350.5105082675
"Atezolizumab_Monkey_Dose10","Atezolizumab","83",10,36113.6461448647
"Atezolizumab_Monkey_Dose10","Atezolizumab","84",10,48996.7348872381
"Atezolizumab_Monkey_Dose10","Atezolizumab","85",10,37105.7162176224
"Atezolizumab_Monkey_Dose10","Atezolizumab","86",10,54078.0833342464
"Atezolizumab_Monkey_Dose10","Atezolizumab","87",10,46746.8435896177
"Atezolizumab_Monkey_Dose10","Atezolizumab","88",10,35246.3665641511
"Atezolizumab_Monkey_Dose10","Atezolizumab","89",10,41722.9340986759
"Atezolizumab_Monkey_Dose10","Atezolizumab","9",10,44782.8235446848
"Atezolizumab_Monkey_Dose10","Atezolizumab","90",10,49989.6233581256
"Atezolizumab_Monkey_Dose10","Atezolizumab","91",10,38099.9793378622
"Atezolizumab_Monkey_Dose10","Atezolizumab","92",10,37885.3819634497
"Atezolizumab_Monkey_Dose10","Atezolizumab","93",10,40766.1767426905
"Atezolizumab_Monkey_Dose10","Atezolizumab","94",10,47143.5696352598
"Atezolizumab_Monkey_Dose10","Atezolizumab","95",10,43207.8243237116
"Atezolizumab_Monkey_Dose10","Atezolizumab","96",10,39750.4094708131
"Atezolizumab_Monkey_Dose10","Atezolizumab","97",10,42110.5121905454
"Atezolizumab_Monkey_Dose10","Atezolizumab","98",10,29676.3175200619
"Atezolizumab_Monkey_Dose10","Atezolizumab","99",10,50642.2881646863
"Atezolizumab_Monkey_Dose3","Atezolizumab","1",3,10175.1256768368
"Atezolizumab_Monkey_Dose3","Atezolizumab","10",3,15643.3065335432
"Atezolizumab_Monkey_Dose3","Atezolizumab","100",3,11661.2238845003
"Atezolizumab_Monkey_Dose3","Atezolizumab","11",3,12188.0846617304
"Atezolizumab_Monkey_Dose3","Atezolizumab","12",3,13665.4114358214
"Atezolizumab_Monkey_Dose3","Atezolizumab","13",3,20131.3987259364
"Atezolizumab_Monkey_Dose3","Atezolizumab","14",3,13102.5518551201
"Atezolizumab_Monkey_Dose3","Atezolizumab","15",3,14668.6821584317
"Atezolizumab_Monkey_Dose3","Atezolizumab","16",3,13760.5305182611
"Atezolizumab_Monkey_Dose3","Atezolizumab","17",3,10380.8451942232
"Atezolizumab_Monkey_Dose3","Atezolizumab","18",3,12143.8692739523
"Atezolizumab_Monkey_Dose3","Atezolizumab","19",3,12725.2664072645
"Atezolizumab_Monkey_Dose3","Atezolizumab","2",3,10516.2127444614
"Atezolizumab_Monkey_Dose3","Atezolizumab","20",3,13288.9944359987
"Atezolizumab_Monkey_Dose3","Atezolizumab","21",3,16056.8431154214
"Atezolizumab_Monkey_Dose3","Atezolizumab","22",3,9849.35015812656
"Atezolizumab_Monkey_Dose3","Atezolizumab","23",3,15073.4121974636
"Atezolizumab_Monkey_Dose3","Atezolizumab","24",3,10692.8351210683
"Atezolizumab_Monkey_Dose3","Atezolizumab","25",3,11360.9649771719
"Atezolizumab_Monkey_Dose3","Atezolizumab","26",3,10659.8586679222
"Atezolizumab_Monkey_Dose3","Atezolizumab","27",3,11629.4243372499
"Atezolizumab_Monkey_Dose3","Atezolizumab","28",3,11428.7840178755
"Atezolizumab_Monkey_Dose3","Atezolizumab","29",3,14541.9867825081
"Atezolizumab_Monkey_Dose3","Atezolizumab","3",3,8458.67318575285
"Atezolizumab_Monkey_Dose3","Atezolizumab","30",3,11468.169306093
"Atezolizumab_Monkey_Dose3","Atezolizumab","31",3,9151.69748095409
"Atezolizumab_Monkey_Dose3","Atezolizumab","32",3,12084.6590091701
"Atezolizumab_Monkey_Dose3","Atezolizumab","33",3,15209.8800026656
"Atezolizumab_Monkey_Dose3","Atezolizumab","34",3,12359.9206118828
"Atezolizumab_Monkey_Dose3","Atezolizumab","35",3,11694.302662731
"Atezolizumab_Monkey_Dose3","Atezolizumab","36",3,12591.5241251353
"Atezolizumab_Monkey_Dose3","Atezolizumab","37",3,12806.1170888949
"Atezolizumab_Monkey_Dose3","Atezolizumab","38",3,8448.14402156268
"Atezolizumab_Monkey_Dose3","Atezolizumab","39",3,8446.44031794336
"Atezolizumab_Monkey_Dose3","Atezolizumab","4",3,13512.5109126402
"Atezolizumab_Monkey_Dose3","Atezolizumab","40",3,8861.00167716027
"Atezolizumab_Monkey_Dose3","Atezolizumab","41",3,12699.1532511714
"Atezolizumab_Monkey_Dose3","Atezolizumab","42",3,12457.0351359346
"Atezolizumab_Monkey_Dose3","Atezolizumab","43",3,10687.1758604348
"Atezolizumab_Monkey_Dose3","Atezolizumab","44",3,10553.2870886176
"Atezolizumab_Monkey_Dose3","Atezolizumab","45",3,16418.7963129544
"Atezolizumab_Monkey_Dose3","Atezolizumab","46",3,12465.5182509379
"Atezolizumab_Monkey_Dose3","Atezolizumab","47",3,10621.6419899422
"Atezolizumab_Monkey_Dose3","Atezolizumab","48",3,12622.5471489543
"Atezolizumab_Monkey_Dose3","Atezolizumab","49",3,15238.5321835245
"Atezolizumab_Monkey_Dose3","Atezolizumab","5",3,11092.8573436166
"Atezolizumab_Monkey_Dose3","Atezolizumab","50",3,13611.4178417805
"Atezolizumab_Monkey_Dose3","Atezolizumab","51",3,13556.8262345478
"Atezolizumab_Monkey_Dose3","Atezolizumab","52",3,11345.3436557198
"Atezolizumab_Monkey_Dose3","Atezolizumab","53",3,13078.2118853951
"Atezolizumab_Monkey_Dose3","Atezolizumab","54",3,8508.56711132157
"Atezolizumab_Monkey_Dose3","Atezolizumab","55",3,10269.9041844425
"Atezolizumab_Monkey_Dose3","Atezolizumab","56",3,11619.8750551293
"Atezolizumab_Monkey_Dose3","Atezolizumab","57",3,10825.9307883771
"Atezolizumab_Monkey_Dose3","Atezolizumab","58",3,13634.3749139022
"Atezolizumab_Monkey_Dose3","Atezolizumab","59",3,11905.066893968
"Atezolizumab_Monkey_Dose3","Atezolizumab","6",3,9983.04687960078
"Atezolizumab_Monkey_Dose3","Atezolizumab","60",3,11219.1880963513
"Atezolizumab_Monkey_Dose3","Atezolizumab","61",3,12332.0777497788
"Atezolizumab_Monkey_Dose3","Atezolizumab","62",3,15805.0416216016
"Atezolizumab_Monkey_Dose3","Atezolizumab","63",3,13689.6752392962
"Atezolizumab_Monkey_Dose3","Atezolizumab","64",3,11239.498186139
"Atezolizumab_Monkey_Dose3","Atezolizumab","65",3,17401.4225713191
"Atezolizumab_Monkey_Dose3","Atezolizumab","66",3,11781.6500807411
"Atezolizumab_Monkey_Dose3","Atezolizumab","67",3,14708.4997536006
"Atezolizumab_Monkey_Dose3","Atezolizumab","68",3,11713.1776306223
"Atezolizumab_Monkey_Dose3","Atezolizumab","69",3,14274.7144738803
"Atezolizumab_Monkey_Dose3","Atezolizumab","7",3,17359.72402514
"Atezolizumab_Monkey_Dose3","Atezolizumab","70",3,10299.2531888204
"Atezolizumab_Monkey_Dose3","Atezolizumab","71",3,15109.7630483644
"Atezolizumab_Monkey_Dose3","Atezolizumab","72",3,11175.170504528
"Atezolizumab_Monkey_Dose3","Atezolizumab","73",3,19669.945415123
"Atezolizumab_Monkey_Dose3","Atezolizumab","74",3,12822.0285218151
"Atezolizumab_Monkey_Dose3","Atezolizumab","75",3,11679.6096698832
"Atezolizumab_Monkey_Dose3","Atezolizumab","76",3,12714.9820622446
"Atezolizumab_Monkey_Dose3","Atezolizumab","77",3,10351.3276296546
"Atezolizumab_Monkey_Dose3","Atezolizumab","78",3,14580.3194715323
"Atezolizumab_Monkey_Dose3","Atezolizumab","79",3,10128.5844959583
"Atezolizumab_Monkey_Dose3","Atezolizumab","8",3,11623.3147673848
"Atezolizumab_Monkey_Dose3","Atezolizumab","80",3,11925.9280983172
"Atezolizumab_Monkey_Dose3","Atezolizumab","81",3,12807.2376989823
"Atezolizumab_Monkey_Dose3","Atezolizumab","82",3,14047.1537154606
"Atezolizumab_Monkey_Dose3","Atezolizumab","83",3,10656.3484961187
"Atezolizumab_Monkey_Dose3","Atezolizumab","84",3,14533.2148525794
"Atezolizumab_Monkey_Dose3","Atezolizumab","85",3,11069.0975005855
"Atezolizumab_Monkey_Dose3","Atezolizumab","86",3,15968.9524920682
"Atezolizumab_Monkey_Dose3","Atezolizumab","87",3,13883.4324842664
"Atezolizumab_Monkey_Dose3","Atezolizumab","88",3,10410.316970651
"Atezolizumab_Monkey_Dose3","Atezolizumab","89",3,12230.1772571327
"Atezolizumab_Monkey_Dose3","Atezolizumab","9",3,13301.4861129379
"Atezolizumab_Monkey_Dose3","Atezolizumab","90",3,14840.195451376
"Atezolizumab_Monkey_Dose3","Atezolizumab","91",3,11202.3000195448
"Atezolizumab_Monkey_Dose3","Atezolizumab","92",3,11225.543624338
"Atezolizumab_Monkey_Dose3","Atezolizumab","93",3,12105.23986542
"Atezolizumab_Monkey_Dose3","Atezolizumab","94",3,13931.9728247685
"Atezolizumab_Monkey_Dose3","Atezolizumab","95",3,12827.0475543512
"Atezolizumab_Monkey_Dose3","Atezolizumab","96",3,11798.1968819545
"Atezolizumab_Monkey_Dose3","Atezolizumab","97",3,12553.6160590113
"Atezolizumab_Monkey_Dose3","Atezolizumab","98",3,8736.90436698742
"Atezolizumab_Monkey_Dose3","Atezolizumab","99",3,14960.4420317224
"Avelumab_Monkey_Dose0.3","Avelumab","1",0.3,259.690581624933
"Avelumab_Monkey_Dose0.3","Avelumab","10",0.3,296.174124863267
"Avelumab_Monkey_Dose0.3","Avelumab","100",0.3,366.625519220073
"Avelumab_Monkey_Dose0.3","Avelumab","11",0.3,203.611376570453
"Avelumab_Monkey_Dose0.3","Avelumab","12",0.3,246.865277891945
"Avelumab_Monkey_Dose0.3","Avelumab","13",0.3,357.229702183274
"Avelumab_Monkey_Dose0.3","Avelumab","14",0.3,235.377655869201
"Avelumab_Monkey_Dose0.3","Avelumab","15",0.3,222.422130038773
"Avelumab_Monkey_Dose0.3","Avelumab","16",0.3,298.534721051525
"Avelumab_Monkey_Dose0.3","Avelumab","17",0.3,355.554296895179
"Avelumab_Monkey_Dose0.3","Avelumab","18",0.3,381.531721491297
"Avelumab_Monkey_Dose0.3","Avelumab","19",0.3,191.897078966962
"Avelumab_Monkey_Dose0.3","Avelumab","2",0.3,330.209903951923
"Avelumab_Monkey_Dose0.3","Avelumab","20",0.3,224.347013168094
"Avelumab_Monkey_Dose0.3","Avelumab","21",0.3,273.941469908834
"Avelumab_Monkey_Dose0.3","Avelumab","22",0.3,299.883063510791
"Avelumab_Monkey_Dose0.3","Avelumab","23",0.3,193.956999707183
"Avelumab_Monkey_Dose0.3","Avelumab","24",0.3,332.729183761399
"Avelumab_Monkey_Dose0.3","Avelumab","25",0.3,273.033270019753
"Avelumab_Monkey_Dose0.3","Avelumab","26",0.3,228.647286641204
"Avelumab_Monkey_Dose0.3","Avelumab","27",0.3,259.177885792211
"Avelumab_Monkey_Dose0.3","Avelumab","28",0.3,416.699239351684
"Avelumab_Monkey_Dose0.3","Avelumab","29",0.3,207.777204703429
"Avelumab_Monkey_Dose0.3","Avelumab","3",0.3,307.765374939156
"Avelumab_Monkey_Dose0.3","Avelumab","30",0.3,564.948576647249
"Avelumab_Monkey_Dose0.3","Avelumab","31",0.3,255.632429442294
"Avelumab_Monkey_Dose0.3","Avelumab","32",0.3,458.219913549193
"Avelumab_Monkey_Dose0.3","Avelumab","33",0.3,314.976725698375
"Avelumab_Monkey_Dose0.3","Avelumab","34",0.3,253.908559545571
"Avelumab_Monkey_Dose0.3","Avelumab","35",0.3,283.994334276006
"Avelumab_Monkey_Dose0.3","Avelumab","36",0.3,185.606531481915
"Avelumab_Monkey_Dose0.3","Avelumab","37",0.3,214.467952118459
"Avelumab_Monkey_Dose0.3","Avelumab","38",0.3,402.128771217475
"Avelumab_Monkey_Dose0.3","Avelumab","39",0.3,252.876608900027
"Avelumab_Monkey_Dose0.3","Avelumab","4",0.3,263.790211594529
"Avelumab_Monkey_Dose0.3","Avelumab","40",0.3,254.670957283892
"Avelumab_Monkey_Dose0.3","Avelumab","41",0.3,205.618461627034
"Avelumab_Monkey_Dose0.3","Avelumab","42",0.3,462.385266928465
"Avelumab_Monkey_Dose0.3","Avelumab","43",0.3,341.840345219978
"Avelumab_Monkey_Dose0.3","Avelumab","44",0.3,280.298617056882
"Avelumab_Monkey_Dose0.3","Avelumab","45",0.3,288.838213318929
"Avelumab_Monkey_Dose0.3","Avelumab","46",0.3,260.983673557544
"Avelumab_Monkey_Dose0.3","Avelumab","47",0.3,418.256400958805
"Avelumab_Monkey_Dose0.3","Avelumab","48",0.3,296.413159122618
"Avelumab_Monkey_Dose0.3","Avelumab","49",0.3,281.120645282931
"Avelumab_Monkey_Dose0.3","Avelumab","5",0.3,303.245345448486
"Avelumab_Monkey_Dose0.3","Avelumab","50",0.3,293.866483064732
"Avelumab_Monkey_Dose0.3","Avelumab","51",0.3,261.997425940546
"Avelumab_Monkey_Dose0.3","Avelumab","52",0.3,404.228396865731
"Avelumab_Monkey_Dose0.3","Avelumab","53",0.3,292.52383569708
"Avelumab_Monkey_Dose0.3","Avelumab","54",0.3,252.326861472264
"Avelumab_Monkey_Dose0.3","Avelumab","55",0.3,332.130266961797
"Avelumab_Monkey_Dose0.3","Avelumab","56",0.3,215.031423011908
"Avelumab_Monkey_Dose0.3","Avelumab","57",0.3,277.847620381758
"Avelumab_Monkey_Dose0.3","Avelumab","58",0.3,304.321658443197
"Avelumab_Monkey_Dose0.3","Avelumab","59",0.3,248.148685119203
"Avelumab_Monkey_Dose0.3","Avelumab","6",0.3,231.645922036346
"Avelumab_Monkey_Dose0.3","Avelumab","60",0.3,255.451101567692
"Avelumab_Monkey_Dose0.3","Avelumab","61",0.3,325.735492194672
"Avelumab_Monkey_Dose0.3","Avelumab","62",0.3,287.265239368856
"Avelumab_Monkey_Dose0.3","Avelumab","63",0.3,213.878811051517
"Avelumab_Monkey_Dose0.3","Avelumab","64",0.3,213.546127787216
"Avelumab_Monkey_Dose0.3","Avelumab","65",0.3,246.030768804027
"Avelumab_Monkey_Dose0.3","Avelumab","66",0.3,415.307542679018
"Avelumab_Monkey_Dose0.3","Avelumab","67",0.3,385.093413051947
"Avelumab_Monkey_Dose0.3","Avelumab","68",0.3,186.010044537559
"Avelumab_Monkey_Dose0.3","Avelumab","69",0.3,308.758677558989
"Avelumab_Monkey_Dose0.3","Avelumab","7",0.3,346.381054457743
"Avelumab_Monkey_Dose0.3","Avelumab","70",0.3,289.50873286928
"Avelumab_Monkey_Dose0.3","Avelumab","71",0.3,249.486840800744
"Avelumab_Monkey_Dose0.3","Avelumab","72",0.3,291.139272502205
"Avelumab_Monkey_Dose0.3","Avelumab","73",0.3,191.055561945223
"Avelumab_Monkey_Dose0.3","Avelumab","74",0.3,308.119807589689
"Avelumab_Monkey_Dose0.3","Avelumab","75",0.3,380.718605444248
"Avelumab_Monkey_Dose0.3","Avelumab","76",0.3,348.751250353616
"Avelumab_Monkey_Dose0.3","Avelumab","77",0.3,197.052652277234
"Avelumab_Monkey_Dose0.3","Avelumab","78",0.3,401.467595685352
"Avelumab_Monkey_Dose0.3","Avelumab","79",0.3,247.597119268606
"Avelumab_Monkey_Dose0.3","Avelumab","8",0.3,332.582495761831
"Avelumab_Monkey_Dose0.3","Avelumab","80",0.3,371.40091814275
"Avelumab_Monkey_Dose0.3","Avelumab","81",0.3,325.443929189326
"Avelumab_Monkey_Dose0.3","Avelumab","82",0.3,235.726124159752
"Avelumab_Monkey_Dose0.3","Avelumab","83",0.3,234.565141623265
"Avelumab_Monkey_Dose0.3","Avelumab","84",0.3,340.736564057511
"Avelumab_Monkey_Dose0.3","Avelumab","85",0.3,182.740433326111
"Avelumab_Monkey_Dose0.3","Avelumab","86",0.3,470.408670443326
"Avelumab_Monkey_Dose0.3","Avelumab","87",0.3,217.599429072345
"Avelumab_Monkey_Dose0.3","Avelumab","88",0.3,204.506180529215
"Avelumab_Monkey_Dose0.3","Avelumab","89",0.3,337.284483402194
"Avelumab_Monkey_Dose0.3","Avelumab","9",0.3,397.567396690161
"Avelumab_Monkey_Dose0.3","Avelumab","90",0.3,314.200595615092
"Avelumab_Monkey_Dose0.3","Avelumab","91",0.3,222.005143793288
"Avelumab_Monkey_Dose0.3","Avelumab","92",0.3,360.566481713321
"Avelumab_Monkey_Dose0.3","Avelumab","93",0.3,306.431974981936
"Avelumab_Monkey_Dose0.3","Avelumab","94",0.3,309.809308363909
"Avelumab_Monkey_Dose0.3","Avelumab","95",0.3,414.861651600111
"Avelumab_Monkey_Dose0.3","Avelumab","96",0.3,315.546448970882
"Avelumab_Monkey_Dose0.3","Avelumab","97",0.3,367.651494582689
"Avelumab_Monkey_Dose0.3","Avelumab","98",0.3,263.004637796706
"Avelumab_Monkey_Dose0.3","Avelumab","99",0.3,218.948365989095
"Avelumab_Monkey_Dose10","Avelumab","1",10,9920.04115577794
"Avelumab_Monkey_Dose10","Avelumab","10",10,10856.8764617464
"Avelumab_Monkey_Dose10","Avelumab","100",10,14568.9534007121
"Avelumab_Monkey_Dose10","Avelumab","11",10,8951.95758082621
"Avelumab_Monkey_Dose10","Avelumab","12",10,8954.02014802828
"Avelumab_Monkey_Dose10","Avelumab","13",10,13945.1098545319
"Avelumab_Monkey_Dose10","Avelumab","14",10,9416.95967807394
"Avelumab_Monkey_Dose10","Avelumab","15",10,8734.70671547429
"Avelumab_Monkey_Dose10","Avelumab","16",10,11112.6927025289
"Avelumab_Monkey_Dose10","Avelumab","17",10,13993.1774636108
"Avelumab_Monkey_Dose10","Avelumab","18",10,15052.4986915663
"Avelumab_Monkey_Dose10","Avelumab","19",10,12222.1879550217
"Avelumab_Monkey_Dose10","Avelumab","2",10,13308.4113375352
"Avelumab_Monkey_Dose10","Avelumab","20",10,7923.01578627938
"Avelumab_Monkey_Dose10","Avelumab","21",10,11807.5512472498
"Avelumab_Monkey_Dose10","Avelumab","22",10,11004.4575251698
"Avelumab_Monkey_Dose10","Avelumab","23",10,7369.20326726619
"Avelumab_Monkey_Dose10","Avelumab","24",10,13165.503019049
"Avelumab_Monkey_Dose10","Avelumab","25",10,9848.59800667273
"Avelumab_Monkey_Dose10","Avelumab","26",10,8097.16842311102
"Avelumab_Monkey_Dose10","Avelumab","27",10,9647.2871691907
"Avelumab_Monkey_Dose10","Avelumab","28",10,15613.5276294291
"Avelumab_Monkey_Dose10","Avelumab","29",10,8605.04785652821
"Avelumab_Monkey_Dose10","Avelumab","3",10,13461.2220552203
"Avelumab_Monkey_Dose10","Avelumab","30",10,22703.6427074528
"Avelumab_Monkey_Dose10","Avelumab","31",10,8344.90029949577
"Avelumab_Monkey_Dose10","Avelumab","32",10,16311.6737728942
"Avelumab_Monkey_Dose10","Avelumab","33",10,12431.75042911
"Avelumab_Monkey_Dose10","Avelumab","34",10,8872.36873232796
"Avelumab_Monkey_Dose10","Avelumab","35",10,12715.6164615234
"Avelumab_Monkey_Dose10","Avelumab","36",10,6707.4946282051
"Avelumab_Monkey_Dose10","Avelumab","37",10,8411.86051737317
"Avelumab_Monkey_Dose10","Avelumab","38",10,15649.1934084873
"Avelumab_Monkey_Dose10","Avelumab","39",10,10403.164271828
"Avelumab_Monkey_Dose10","Avelumab","4",10,9727.47327344313
"Avelumab_Monkey_Dose10","Avelumab","40",10,8944.04129117008
"Avelumab_Monkey_Dose10","Avelumab","41",10,9183.90753240984
"Avelumab_Monkey_Dose10","Avelumab","42",10,17460.7551198956
"Avelumab_Monkey_Dose10","Avelumab","43",10,14291.3310485875
"Avelumab_Monkey_Dose10","Avelumab","44",10,12439.1083673027
"Avelumab_Monkey_Dose10","Avelumab","45",10,13188.9724690972
"Avelumab_Monkey_Dose10","Avelumab","46",10,9683.24052338072
"Avelumab_Monkey_Dose10","Avelumab","47",10,16115.7066762586
"Avelumab_Monkey_Dose10","Avelumab","48",10,12020.1795240936
"Avelumab_Monkey_Dose10","Avelumab","49",10,9964.05320294124
"Avelumab_Monkey_Dose10","Avelumab","5",10,10904.8297770277
"Avelumab_Monkey_Dose10","Avelumab","50",10,11718.191316503
"Avelumab_Monkey_Dose10","Avelumab","51",10,8875.58699447953
"Avelumab_Monkey_Dose10","Avelumab","52",10,20159.8876532989
"Avelumab_Monkey_Dose10","Avelumab","53",10,10096.0127730677
"Avelumab_Monkey_Dose10","Avelumab","54",10,9446.63052354704
"Avelumab_Monkey_Dose10","Avelumab","55",10,12647.3987233974
"Avelumab_Monkey_Dose10","Avelumab","56",10,7779.72036218577
"Avelumab_Monkey_Dose10","Avelumab","57",10,11533.9300094873
"Avelumab_Monkey_Dose10","Avelumab","58",10,11770.526051448
"Avelumab_Monkey_Dose10","Avelumab","59",10,8569.02670721539
"Avelumab_Monkey_Dose10","Avelumab","6",10,8617.15849793956
"Avelumab_Monkey_Dose10","Avelumab","60",10,9215.57532385174
"Avelumab_Monkey_Dose10","Avelumab","61",10,13075.5141718139
"Avelumab_Monkey_Dose10","Avelumab","62",10,11516.6947419184
"Avelumab_Monkey_Dose10","Avelumab","63",10,9326.9841183048
"Avelumab_Monkey_Dose10","Avelumab","64",10,9767.33675229075
"Avelumab_Monkey_Dose10","Avelumab","65",10,8730.72633142591
"Avelumab_Monkey_Dose10","Avelumab","66",10,15826.2410378368
"Avelumab_Monkey_Dose10","Avelumab","67",10,14189.7359867447
"Avelumab_Monkey_Dose10","Avelumab","68",10,7440.93048937738
"Avelumab_Monkey_Dose10","Avelumab","69",10,14621.8780393076
"Avelumab_Monkey_Dose10","Avelumab","7",10,12477.9268368633
"Avelumab_Monkey_Dose10","Avelumab","70",10,9924.36206846249
"Avelumab_Monkey_Dose10","Avelumab","71",10,8239.5008554493
"Avelumab_Monkey_Dose10","Avelumab","72",10,9690.24321466328
"Avelumab_Monkey_Dose10","Avelumab","73",10,6952.63267036964
"Avelumab_Monkey_Dose10","Avelumab","74",10,10746.4617251056
"Avelumab_Monkey_Dose10","Avelumab","75",10,16756.2997458642
"Avelumab_Monkey_Dose10","Avelumab","76",10,13484.424160454
"Avelumab_Monkey_Dose10","Avelumab","77",10,11676.3689663102
"Avelumab_Monkey_Dose10","Avelumab","78",10,15526.5277051678
"Avelumab_Monkey_Dose10","Avelumab","79",10,8664.69078408049
"Avelumab_Monkey_Dose10","Avelumab","8",10,14261.0634449173
"Avelumab_Monkey_Dose10","Avelumab","80",10,17717.7345887502
"Avelumab_Monkey_Dose10","Avelumab","81",10,13446.4844005042
"Avelumab_Monkey_Dose10","Avelumab","82",10,8743.43601011999
"Avelumab_Monkey_Dose10","Avelumab","83",10,7834.92843289174
"Avelumab_Monkey_Dose10","Avelumab","84",10,12322.2571851805
"Avelumab_Monkey_Dose10","Avelumab","85",10,6684.4080450775
"Avelumab_Monkey_Dose10","Avelumab","86",10,18298.4913121071
"Avelumab_Monkey_Dose10","Avelumab","87",10,7306.70068627689
"Avelumab_Monkey_Dose10","Avelumab","88",10,7305.86725296316
"Avelumab_Monkey_Dose10","Avelumab","89",10,12192.7231164806
"Avelumab_Monkey_Dose10","Avelumab","9",10,15162.8141552373
"Avelumab_Monkey_Dose10","Avelumab","90",10,12306.3790102931
"Avelumab_Monkey_Dose10","Avelumab","91",10,8633.10892479916
"Avelumab_Monkey_Dose10","Avelumab","92",10,14484.3696368731
"Avelumab_Monkey_Dose10","Avelumab","93",10,11868.8106509138
"Avelumab_Monkey_Dose10","Avelumab","94",10,12773.0333141592
"Avelumab_Monkey_Dose10","Avelumab","95",10,16116.5566639101
"Avelumab_Monkey_Dose10","Avelumab","96",10,12373.5274317018
"Avelumab_Monkey_Dose10","Avelumab","97",10,14145.3004157376
"Avelumab_Monkey_Dose10","Avelumab","98",10,9564.49741621861
"Avelumab_Monkey_Dose10","Avelumab","99",10,9279.87990552766
"Avelumab_Monkey_Dose3","Avelumab","1",3,2930.41393761775
"Avelumab_Monkey_Dose3","Avelumab","10",3,3226.44449343893
"Avelumab_Monkey_Dose3","Avelumab","100",3,4302.52442996626
"Avelumab_Monkey_Dose3","Avelumab","11",3,2589.44050478968
"Avelumab_Monkey_Dose3","Avelumab","12",3,2651.23050189204
"Avelumab_Monkey_Dose3","Avelumab","13",3,4127.79196658512
"Avelumab_Monkey_Dose3","Avelumab","14",3,2757.83763122711
"Avelumab_Monkey_Dose3","Avelumab","15",3,2568.67711805306
"Avelumab_Monkey_Dose3","Avelumab","16",3,3294.96398382278
"Avelumab_Monkey_Dose3","Avelumab","17",3,4136.41596160432
"Avelumab_Monkey_Dose3","Avelumab","18",3,4445.86733198851
"Avelumab_Monkey_Dose3","Avelumab","19",3,3375.4951826035
"Avelumab_Monkey_Dose3","Avelumab","2",3,3930.5393097318
"Avelumab_Monkey_Dose3","Avelumab","20",3,2358.45080882281
"Avelumab_Monkey_Dose3","Avelumab","21",3,3460.29179166814
"Avelumab_Monkey_Dose3","Avelumab","22",3,3254.29085506399
"Avelumab_Monkey_Dose3","Avelumab","23",3,2172.60143576723
"Avelumab_Monkey_Dose3","Avelumab","24",3,3887.48704473471
"Avelumab_Monkey_Dose3","Avelumab","25",3,2922.15792281421
"Avelumab_Monkey_Dose3","Avelumab","26",3,2412.7258344317
"Avelumab_Monkey_Dose3","Avelumab","27",3,2851.88274237308
"Avelumab_Monkey_Dose3","Avelumab","28",3,4643.82959381388
"Avelumab_Monkey_Dose3","Avelumab","29",3,2500.28114204678
"Avelumab_Monkey_Dose3","Avelumab","3",3,3924.21139926382
"Avelumab_Monkey_Dose3","Avelumab","30",3,6706.39695633244
"Avelumab_Monkey_Dose3","Avelumab","31",3,2513.3875974704
"Avelumab_Monkey_Dose3","Avelumab","32",3,4860.98428927688
"Avelumab_Monkey_Dose3","Avelumab","33",3,3655.7935095672
"Avelumab_Monkey_Dose3","Avelumab","34",3,2642.52135924694
"Avelumab_Monkey_Dose3","Avelumab","35",3,3626.87017325808
"Avelumab_Monkey_Dose3","Avelumab","36",3,1987.72255996319
"Avelumab_Monkey_Dose3","Avelumab","37",3,2460.63117928776
"Avelumab_Monkey_Dose3","Avelumab","38",3,4623.6154815626
"Avelumab_Monkey_Dose3","Avelumab","39",3,3044.59287708432
"Avelumab_Monkey_Dose3","Avelumab","4",3,2886.16170595766
"Avelumab_Monkey_Dose3","Avelumab","40",3,2667.908915497
"Avelumab_Monkey_Dose3","Avelumab","41",3,2637.77050758261
"Avelumab_Monkey_Dose3","Avelumab","42",3,5184.59629818246
"Avelumab_Monkey_Dose3","Avelumab","43",3,4204.00950989185
"Avelumab_Monkey_Dose3","Avelumab","44",3,3599.7256894238
"Avelumab_Monkey_Dose3","Avelumab","45",3,3833.36877258646
"Avelumab_Monkey_Dose3","Avelumab","46",3,2859.96132387072
"Avelumab_Monkey_Dose3","Avelumab","47",3,4772.4662367479
"Avelumab_Monkey_Dose3","Avelumab","48",3,3543.30468673044
"Avelumab_Monkey_Dose3","Avelumab","49",3,2966.93520821979
"Avelumab_Monkey_Dose3","Avelumab","5",3,3248.60093356321
"Avelumab_Monkey_Dose3","Avelumab","50",3,3444.47225597839
"Avelumab_Monkey_Dose3","Avelumab","51",3,2658.86627428349
"Avelumab_Monkey_Dose3","Avelumab","52",3,5859.56255310209
"Avelumab_Monkey_Dose3","Avelumab","53",3,3018.97679671004
"Avelumab_Monkey_Dose3","Avelumab","54",3,2787.21314413867
"Avelumab_Monkey_Dose3","Avelumab","55",3,3744.24307296495
"Avelumab_Monkey_Dose3","Avelumab","56",3,2310.11001100491
"Avelumab_Monkey_Dose3","Avelumab","57",3,3390.02989231734
"Avelumab_Monkey_Dose3","Avelumab","58",3,3483.3408194351
"Avelumab_Monkey_Dose3","Avelumab","59",3,2560.94666111731
"Avelumab_Monkey_Dose3","Avelumab","6",3,2531.06760227089
"Avelumab_Monkey_Dose3","Avelumab","60",3,2740.13644034711
"Avelumab_Monkey_Dose3","Avelumab","61",3,3840.37421445
"Avelumab_Monkey_Dose3","Avelumab","62",3,3394.52433366212
"Avelumab_Monkey_Dose3","Avelumab","63",3,2712.35775560172
"Avelumab_Monkey_Dose3","Avelumab","64",3,2816.09289265338
"Avelumab_Monkey_Dose3","Avelumab","65",3,2602.35774978831
"Avelumab_Monkey_Dose3","Avelumab","66",3,4701.14190284418
"Avelumab_Monkey_Dose3","Avelumab","67",3,4221.37306179243
"Avelumab_Monkey_Dose3","Avelumab","68",3,2172.70091893732
"Avelumab_Monkey_Dose3","Avelumab","69",3,4216.24221645263
"Avelumab_Monkey_Dose3","Avelumab","7",3,3718.99331034209
"Avelumab_Monkey_Dose3","Avelumab","70",3,2970.52890849502
"Avelumab_Monkey_Dose3","Avelumab","71",3,2475.93868746382
"Avelumab_Monkey_Dose3","Avelumab","72",3,2907.81419974173
"Avelumab_Monkey_Dose3","Avelumab","73",3,2058.09729549008
"Avelumab_Monkey_Dose3","Avelumab","74",3,3208.96483377114
"Avelumab_Monkey_Dose3","Avelumab","75",3,4912.42457170193
"Avelumab_Monkey_Dose3","Avelumab","76",3,3982.06010067974
"Avelumab_Monkey_Dose3","Avelumab","77",3,3248.33386103679
"Avelumab_Monkey_Dose3","Avelumab","78",3,4602.03590219728
"Avelumab_Monkey_Dose3","Avelumab","79",3,2581.07282894679
"Avelumab_Monkey_Dose3","Avelumab","8",3,4146.30439858934
"Avelumab_Monkey_Dose3","Avelumab","80",3,5135.25157486541
"Avelumab_Monkey_Dose3","Avelumab","81",3,3958.01769164307
"Avelumab_Monkey_Dose3","Avelumab","82",3,2586.13973824018
"Avelumab_Monkey_Dose3","Avelumab","83",3,2349.94802964168
"Avelumab_Monkey_Dose3","Avelumab","84",3,3671.46005038578
"Avelumab_Monkey_Dose3","Avelumab","85",3,1982.34829824952
"Avelumab_Monkey_Dose3","Avelumab","86",3,5424.21902861461
"Avelumab_Monkey_Dose3","Avelumab","87",3,2189.98944737453
"Avelumab_Monkey_Dose3","Avelumab","88",3,2171.52131135784
"Avelumab_Monkey_Dose3","Avelumab","89",3,3627.69268660045
"Avelumab_Monkey_Dose3","Avelumab","9",3,4494.65661771595
"Avelumab_Monkey_Dose3","Avelumab","90",3,3641.32208890684
"Avelumab_Monkey_Dose3","Avelumab","91",3,2538.18841973687
"Avelumab_Monkey_Dose3","Avelumab","92",3,4273.31159656761
"Avelumab_Monkey_Dose3","Avelumab","93",3,3518.56062699031
"Avelumab_Monkey_Dose3","Avelumab","94",3,3734.73308081107
"Avelumab_Monkey_Dose3","Avelumab","95",3,4771.30566799216
"Avelumab_Monkey_Dose3","Avelumab","96",3,3636.85169388414
"Avelumab_Monkey_Dose3","Avelumab","97",3,4174.40344864408
"Avelumab_Monkey_Dose3","Avelumab","98",3,2843.69072064591
"Avelumab_Monkey_Dose3","Avelumab","99",3,2694.4393022799
"Nivolumab_Monkey_Dose0.3","Nivolumab","1",0.3,1762.73631430326
"Nivolumab_Monkey_Dose0.3","Nivolumab","10",0.3,2044.69516168061
"Nivolumab_Monkey_Dose0.3","Nivolumab","100",0.3,1343.06367984217
"Nivolumab_Monkey_Dose0.3","Nivolumab","11",0.3,1642.11853532212
"Nivolumab_Monkey_Dose0.3","Nivolumab","12",0.3,1400.40730917418
"Nivolumab_Monkey_Dose0.3","Nivolumab","13",0.3,2094.626586205
"Nivolumab_Monkey_Dose0.3","Nivolumab","14",0.3,2448.9637357846
"Nivolumab_Monkey_Dose0.3","Nivolumab","15",0.3,1804.66199080041
"Nivolumab_Monkey_Dose0.3","Nivolumab","16",0.3,1337.61128740426
"Nivolumab_Monkey_Dose0.3","Nivolumab","17",0.3,1906.39389787967
"Nivolumab_Monkey_Dose0.3","Nivolumab","18",0.3,2744.09145669954
"Nivolumab_Monkey_Dose0.3","Nivolumab","19",0.3,1420.93969576318
"Nivolumab_Monkey_Dose0.3","Nivolumab","2",0.3,1187.38670588122
"Nivolumab_Monkey_Dose0.3","Nivolumab","20",0.3,1745.724445108
"Nivolumab_Monkey_Dose0.3","Nivolumab","21",0.3,1750.68516565779
"Nivolumab_Monkey_Dose0.3","Nivolumab","22",0.3,1424.65139936485
"Nivolumab_Monkey_Dose0.3","Nivolumab","23",0.3,1929.29113994406
"Nivolumab_Monkey_Dose0.3","Nivolumab","24",0.3,1688.9023779112
"Nivolumab_Monkey_Dose0.3","Nivolumab","25",0.3,1357.86892041796
"Nivolumab_Monkey_Dose0.3","Nivolumab","26",0.3,2188.33788282373
"Nivolumab_Monkey_Dose0.3","Nivolumab","27",0.3,1758.08912517915
"Nivolumab_Monkey_Dose0.3","Nivolumab","28",0.3,2281.91022125804
"Nivolumab_Monkey_Dose0.3","Nivolumab","29",0.3,1995.53168723748
"Nivolumab_Monkey_Dose0.3","Nivolumab","3",0.3,2078.418508323
"Nivolumab_Monkey_Dose0.3","Nivolumab","30",0.3,1441.99202992082
"Nivolumab_Monkey_Dose0.3","Nivolumab","31",0.3,1592.17787231924
"Nivolumab_Monkey_Dose0.3","Nivolumab","32",0.3,1475.36723222983
"Nivolumab_Monkey_Dose0.3","Nivolumab","33",0.3,2202.89315624012
"Nivolumab_Monkey_Dose0.3","Nivolumab","34",0.3,1505.5341779335
"Nivolumab_Monkey_Dose0.3","Nivolumab","35",0.3,1725.98804313549
"Nivolumab_Monkey_Dose0.3","Nivolumab","36",0.3,1953.50504946583
"Nivolumab_Monkey_Dose0.3","Nivolumab","37",0.3,1746.68883892088
"Nivolumab_Monkey_Dose0.3","Nivolumab","38",0.3,1680.65317505334
"Nivolumab_Monkey_Dose0.3","Nivolumab","39",0.3,1935.45037868938
"Nivolumab_Monkey_Dose0.3","Nivolumab","4",0.3,1456.63812055969
"Nivolumab_Monkey_Dose0.3","Nivolumab","40",0.3,1493.91255491259
"Nivolumab_Monkey_Dose0.3","Nivolumab","41",0.3,1400.93464002669
"Nivolumab_Monkey_Dose0.3","Nivolumab","42",0.3,2265.28322952059
"Nivolumab_Monkey_Dose0.3","Nivolumab","43",0.3,2223.72143377691
"Nivolumab_Monkey_Dose0.3","Nivolumab","44",0.3,1180.38315320392
"Nivolumab_Monkey_Dose0.3","Nivolumab","45",0.3,1444.87494915826
"Nivolumab_Monkey_Dose0.3","Nivolumab","46",0.3,1658.59316049915
"Nivolumab_Monkey_Dose0.3","Nivolumab","47",0.3,1919.51719592012
"Nivolumab_Monkey_Dose0.3","Nivolumab","48",0.3,1225.51658642341
"Nivolumab_Monkey_Dose0.3","Nivolumab","49",0.3,2298.8210580329
"Nivolumab_Monkey_Dose0.3","Nivolumab","5",0.3,1869.14039565728
"Nivolumab_Monkey_Dose0.3","Nivolumab","50",0.3,1994.15702817855
"Nivolumab_Monkey_Dose0.3","Nivolumab","51",0.3,1378.97773793046
"Nivolumab_Monkey_Dose0.3","Nivolumab","52",0.3,1387.4189336608
"Nivolumab_Monkey_Dose0.3","Nivolumab","53",0.3,1860.38823056512
"Nivolumab_Monkey_Dose0.3","Nivolumab","54",0.3,1486.77602869314
"Nivolumab_Monkey_Dose0.3","Nivolumab","55",0.3,1821.52484088166
"Nivolumab_Monkey_Dose0.3","Nivolumab","56",0.3,1925.01206366815
"Nivolumab_Monkey_Dose0.3","Nivolumab","57",0.3,1264.33367152997
"Nivolumab_Monkey_Dose0.3","Nivolumab","58",0.3,1786.47350934413
"Nivolumab_Monkey_Dose0.3","Nivolumab","59",0.3,1778.21102229317
"Nivolumab_Monkey_Dose0.3","Nivolumab","6",0.3,2227.61704041185
"Nivolumab_Monkey_Dose0.3","Nivolumab","60",0.3,1440.96100714957
"Nivolumab_Monkey_Dose0.3","Nivolumab","61",0.3,1552.93736335103
"Nivolumab_Monkey_Dose0.3","Nivolumab","62",0.3,1949.15646558575
"Nivolumab_Monkey_Dose0.3","Nivolumab","63",0.3,1998.50195256456
"Nivolumab_Monkey_Dose0.3","Nivolumab","64",0.3,1679.71927620609
"Nivolumab_Monkey_Dose0.3","Nivolumab","65",0.3,2059.57188118972
"Nivolumab_Monkey_Dose0.3","Nivolumab","66",0.3,2421.31918702269
"Nivolumab_Monkey_Dose0.3","Nivolumab","67",0.3,2005.59125994159
"Nivolumab_Monkey_Dose0.3","Nivolumab","68",0.3,1795.36825271967
"Nivolumab_Monkey_Dose0.3","Nivolumab","69",0.3,1760.98581763904
"Nivolumab_Monkey_Dose0.3","Nivolumab","7",0.3,1036.64176924514
"Nivolumab_Monkey_Dose0.3","Nivolumab","70",0.3,1415.70542707533
"Nivolumab_Monkey_Dose0.3","Nivolumab","71",0.3,1529.76363938256
"Nivolumab_Monkey_Dose0.3","Nivolumab","72",0.3,1469.33223964468
"Nivolumab_Monkey_Dose0.3","Nivolumab","73",0.3,1604.6871315945
"Nivolumab_Monkey_Dose0.3","Nivolumab","74",0.3,1933.80505274718
"Nivolumab_Monkey_Dose0.3","Nivolumab","75",0.3,1292.01578109164
"Nivolumab_Monkey_Dose0.3","Nivolumab","76",0.3,1300.91164759655
"Nivolumab_Monkey_Dose0.3","Nivolumab","77",0.3,1585.21913286611
"Nivolumab_Monkey_Dose0.3","Nivolumab","78",0.3,1651.67918872937
"Nivolumab_Monkey_Dose0.3","Nivolumab","79",0.3,1164.21712356753
"Nivolumab_Monkey_Dose0.3","Nivolumab","8",0.3,1725.75667705668
"Nivolumab_Monkey_Dose0.3","Nivolumab","80",0.3,1706.86303085902
"Nivolumab_Monkey_Dose0.3","Nivolumab","81",0.3,1833.80278117252
"Nivolumab_Monkey_Dose0.3","Nivolumab","82",0.3,1925.39595008535
"Nivolumab_Monkey_Dose0.3","Nivolumab","83",0.3,1528.18299144117
"Nivolumab_Monkey_Dose0.3","Nivolumab","84",0.3,1630.52833568072
"Nivolumab_Monkey_Dose0.3","Nivolumab","85",0.3,1796.50470841801
"Nivolumab_Monkey_Dose0.3","Nivolumab","86",0.3,1862.77844063141
"Nivolumab_Monkey_Dose0.3","Nivolumab","87",0.3,1519.79082728585
"Nivolumab_Monkey_Dose0.3","Nivolumab","88",0.3,1936.40150163617
"Nivolumab_Monkey_Dose0.3","Nivolumab","89",0.3,1827.08074401165
"Nivolumab_Monkey_Dose0.3","Nivolumab","9",0.3,1803.20655680037
"Nivolumab_Monkey_Dose0.3","Nivolumab","90",0.3,1534.30481151415
"Nivolumab_Monkey_Dose0.3","Nivolumab","91",0.3,2024.96534413918
"Nivolumab_Monkey_Dose0.3","Nivolumab","92",0.3,1506.02902808129
"Nivolumab_Monkey_Dose0.3","Nivolumab","93",0.3,886.64687854219
"Nivolumab_Monkey_Dose0.3","Nivolumab","94",0.3,2071.70492708021
"Nivolumab_Monkey_Dose0.3","Nivolumab","95",0.3,1636.94345134223
"Nivolumab_Monkey_Dose0.3","Nivolumab","96",0.3,1831.16779377929
"Nivolumab_Monkey_Dose0.3","Nivolumab","97",0.3,1768.96174371485
"Nivolumab_Monkey_Dose0.3","Nivolumab","98",0.3,1995.38213619929
"Nivolumab_Monkey_Dose0.3","Nivolumab","99",0.3,1667.29667202566
"Nivolumab_Monkey_Dose10","Nivolumab","1",10,58865.5736508922
"Nivolumab_Monkey_Dose10","Nivolumab","10",10,68248.1856364232
"Nivolumab_Monkey_Dose10","Nivolumab","100",10,44841.359403086
"Nivolumab_Monkey_Dose10","Nivolumab","11",10,54887.4541360668
"Nivolumab_Monkey_Dose10","Nivolumab","12",10,46799.9295741703
"Nivolumab_Monkey_Dose10","Nivolumab","13",10,69959.5977335188
"Nivolumab_Monkey_Dose10","Nivolumab","14",10,82101.5919514304
"Nivolumab_Monkey_Dose10","Nivolumab","15",10,60228.9562393907
"Nivolumab_Monkey_Dose10","Nivolumab","16",10,44666.3717508605
"Nivolumab_Monkey_Dose10","Nivolumab","17",10,63643.061007231
"Nivolumab_Monkey_Dose10","Nivolumab","18",10,91688.4993926249
"Nivolumab_Monkey_Dose10","Nivolumab","19",10,47436.000466239
"Nivolumab_Monkey_Dose10","Nivolumab","2",10,39656.471681204
"Nivolumab_Monkey_Dose10","Nivolumab","20",10,58316.9368801485
"Nivolumab_Monkey_Dose10","Nivolumab","21",10,58479.8858649109
"Nivolumab_Monkey_Dose10","Nivolumab","22",10,47661.1291532367
"Nivolumab_Monkey_Dose10","Nivolumab","23",10,64470.9121254882
"Nivolumab_Monkey_Dose10","Nivolumab","24",10,56394.0968679688
"Nivolumab_Monkey_Dose10","Nivolumab","25",10,45344.4866050234
"Nivolumab_Monkey_Dose10","Nivolumab","26",10,73122.9121366506
"Nivolumab_Monkey_Dose10","Nivolumab","27",10,58684.0704303789
"Nivolumab_Monkey_Dose10","Nivolumab","28",10,76160.3672107134
"Nivolumab_Monkey_Dose10","Nivolumab","29",10,66861.3148058394
"Nivolumab_Monkey_Dose10","Nivolumab","3",10,69514.832655245
"Nivolumab_Monkey_Dose10","Nivolumab","30",10,48266.351736187
"Nivolumab_Monkey_Dose10","Nivolumab","31",10,53177.7849501287
"Nivolumab_Monkey_Dose10","Nivolumab","32",10,49309.6700626836
"Nivolumab_Monkey_Dose10","Nivolumab","33",10,73531.6687584949
"Nivolumab_Monkey_Dose10","Nivolumab","34",10,50272.261138606
"Nivolumab_Monkey_Dose10","Nivolumab","35",10,57589.9777231057
"Nivolumab_Monkey_Dose10","Nivolumab","36",10,65177.0810539265
"Nivolumab_Monkey_Dose10","Nivolumab","37",10,58335.1051456611
"Nivolumab_Monkey_Dose10","Nivolumab","38",10,56159.2122806966
"Nivolumab_Monkey_Dose10","Nivolumab","39",10,64651.2695884356
"Nivolumab_Monkey_Dose10","Nivolumab","4",10,48666.0536952904
"Nivolumab_Monkey_Dose10","Nivolumab","40",10,49871.9387674481
"Nivolumab_Monkey_Dose10","Nivolumab","41",10,47048.9303989315
"Nivolumab_Monkey_Dose10","Nivolumab","42",10,75665.4109191812
"Nivolumab_Monkey_Dose10","Nivolumab","43",10,74394.7745770328
"Nivolumab_Monkey_Dose10","Nivolumab","44",10,39490.0026191784
"Nivolumab_Monkey_Dose10","Nivolumab","45",10,48210.13074648
"Nivolumab_Monkey_Dose10","Nivolumab","46",10,55443.5351507532
"Nivolumab_Monkey_Dose10","Nivolumab","47",10,64666.6029074008
"Nivolumab_Monkey_Dose10","Nivolumab","48",10,40882.488275528
"Nivolumab_Monkey_Dose10","Nivolumab","49",10,76806.8113481707
"Nivolumab_Monkey_Dose10","Nivolumab","5",10,62394.0526357864
"Nivolumab_Monkey_Dose10","Nivolumab","50",10,66704.3774839941
"Nivolumab_Monkey_Dose10","Nivolumab","51",10,46081.4230676372
"Nivolumab_Monkey_Dose10","Nivolumab","52",10,46357.6346597073
"Nivolumab_Monkey_Dose10","Nivolumab","53",10,62148.4115178669
"Nivolumab_Monkey_Dose10","Nivolumab","54",10,49726.4304823078
"Nivolumab_Monkey_Dose10","Nivolumab","55",10,60828.9216961859
"Nivolumab_Monkey_Dose10","Nivolumab","56",10,64296.4162805752
"Nivolumab_Monkey_Dose10","Nivolumab","57",10,42218.2392260031
"Nivolumab_Monkey_Dose10","Nivolumab","58",10,59790.7421710908
"Nivolumab_Monkey_Dose10","Nivolumab","59",10,59450.7099155713
"Nivolumab_Monkey_Dose10","Nivolumab","6",10,74504.7986673974
"Nivolumab_Monkey_Dose10","Nivolumab","60",10,48192.7224621484
"Nivolumab_Monkey_Dose10","Nivolumab","61",10,51882.5621107414
"Nivolumab_Monkey_Dose10","Nivolumab","62",10,65117.4992334178
"Nivolumab_Monkey_Dose10","Nivolumab","63",10,66804.0379525463
"Nivolumab_Monkey_Dose10","Nivolumab","64",10,56097.2559486427
"Nivolumab_Monkey_Dose10","Nivolumab","65",10,68912.1863752483
"Nivolumab_Monkey_Dose10","Nivolumab","66",10,80941.3083557607
"Nivolumab_Monkey_Dose10","Nivolumab","67",10,67080.183208322
"Nivolumab_Monkey_Dose10","Nivolumab","68",10,59923.8768836993
"Nivolumab_Monkey_Dose10","Nivolumab","69",10,58902.5668181322
"Nivolumab_Monkey_Dose10","Nivolumab","7",10,34599.4005912508
"Nivolumab_Monkey_Dose10","Nivolumab","70",10,47241.0457951941
"Nivolumab_Monkey_Dose10","Nivolumab","71",10,51150.4051560566
"Nivolumab_Monkey_Dose10","Nivolumab","72",10,49006.6393982599
"Nivolumab_Monkey_Dose10","Nivolumab","73",10,53543.3950328427
"Nivolumab_Monkey_Dose10","Nivolumab","74",10,64533.918363196
"Nivolumab_Monkey_Dose10","Nivolumab","75",10,43164.3824185158
"Nivolumab_Monkey_Dose10","Nivolumab","76",10,43859.1116646304
"Nivolumab_Monkey_Dose10","Nivolumab","77",10,52946.6386747544
"Nivolumab_Monkey_Dose10","Nivolumab","78",10,55230.1699444763
"Nivolumab_Monkey_Dose10","Nivolumab","79",10,38974.6992197611
"Nivolumab_Monkey_Dose10","Nivolumab","8",10,57639.7038460792
"Nivolumab_Monkey_Dose10","Nivolumab","80",10,57002.2621996667
"Nivolumab_Monkey_Dose10","Nivolumab","81",10,61249.3595600256
"Nivolumab_Monkey_Dose10","Nivolumab","82",10,64247.2208627985
"Nivolumab_Monkey_Dose10","Nivolumab","83",10,51075.5669157533
"Nivolumab_Monkey_Dose10","Nivolumab","84",10,54430.032939617
"Nivolumab_Monkey_Dose10","Nivolumab","85",10,60052.8667486158
"Nivolumab_Monkey_Dose10","Nivolumab","86",10,62290.8433939492
"Nivolumab_Monkey_Dose10","Nivolumab","87",10,50781.5285618796
"Nivolumab_Monkey_Dose10","Nivolumab","88",10,64687.9578700902
"Nivolumab_Monkey_Dose10","Nivolumab","89",10,61055.5403897628
"Nivolumab_Monkey_Dose10","Nivolumab","9",10,60267.7882390193
"Nivolumab_Monkey_Dose10","Nivolumab","90",10,51285.7469552005
"Nivolumab_Monkey_Dose10","Nivolumab","91",10,67608.0997270098
"Nivolumab_Monkey_Dose10","Nivolumab","92",10,50336.3232098609
"Nivolumab_Monkey_Dose10","Nivolumab","93",10,29631.9421909998
"Nivolumab_Monkey_Dose10","Nivolumab","94",10,69157.2014300826
"Nivolumab_Monkey_Dose10","Nivolumab","95",10,54901.1616460499
"Nivolumab_Monkey_Dose10","Nivolumab","96",10,61110.0575144456
"Nivolumab_Monkey_Dose10","Nivolumab","97",10,59176.3504723253
"Nivolumab_Monkey_Dose10","Nivolumab","98",10,66703.9647949385
"Nivolumab_Monkey_Dose10","Nivolumab","99",10,55709.1924567633
"Nivolumab_Monkey_Dose3","Nivolumab","1",3,17657.2600809805
"Nivolumab_Monkey_Dose3","Nivolumab","10",3,20472.3734992666
"Nivolumab_Monkey_Dose3","Nivolumab","100",3,13450.6160010764
"Nivolumab_Monkey_Dose3","Nivolumab","11",3,16462.7952260171
"Nivolumab_Monkey_Dose3","Nivolumab","12",3,14037.0994807049
"Nivolumab_Monkey_Dose3","Nivolumab","13",3,20984.7573812494
"Nivolumab_Monkey_Dose3","Nivolumab","14",3,24620.0516265775
"Nivolumab_Monkey_Dose3","Nivolumab","15",3,18066.958927155
"Nivolumab_Monkey_Dose3","Nivolumab","16",3,13398.013200407
"Nivolumab_Monkey_Dose3","Nivolumab","17",3,19090.7398503081
"Nivolumab_Monkey_Dose3","Nivolumab","18",3,27501.5351206977
"Nivolumab_Monkey_Dose3","Nivolumab","19",3,14229.0631994637
"Nivolumab_Monkey_Dose3","Nivolumab","2",3,11895.0829680051
"Nivolumab_Monkey_Dose3","Nivolumab","20",3,17492.1827562637
"Nivolumab_Monkey_Dose3","Nivolumab","21",3,17541.0043125248
"Nivolumab_Monkey_Dose3","Nivolumab","22",3,14294.1762976734
"Nivolumab_Monkey_Dose3","Nivolumab","23",3,19337.6571876953
"Nivolumab_Monkey_Dose3","Nivolumab","24",3,16916.0018487325
"Nivolumab_Monkey_Dose3","Nivolumab","25",3,13601.3754550606
"Nivolumab_Monkey_Dose3","Nivolumab","26",3,21932.9211207177
"Nivolumab_Monkey_Dose3","Nivolumab","27",3,17603.2966058993
"Nivolumab_Monkey_Dose3","Nivolumab","28",3,22845.9234125123
"Nivolumab_Monkey_Dose3","Nivolumab","29",3,20050.5573634335
"Nivolumab_Monkey_Dose3","Nivolumab","3",3,20849.1665832346
"Nivolumab_Monkey_Dose3","Nivolumab","30",3,14475.0912913359
"Nivolumab_Monkey_Dose3","Nivolumab","31",3,15950.9419447982
"Nivolumab_Monkey_Dose3","Nivolumab","32",3,14789.8874880672
"Nivolumab_Monkey_Dose3","Nivolumab","33",3,22057.2327740743
"Nivolumab_Monkey_Dose3","Nivolumab","34",3,15079.4859840573
"Nivolumab_Monkey_Dose3","Nivolumab","35",3,17275.7362935434
"Nivolumab_Monkey_Dose3","Nivolumab","36",3,19551.7428213187
"Nivolumab_Monkey_Dose3","Nivolumab","37",3,17497.9350941725
"Nivolumab_Monkey_Dose3","Nivolumab","38",3,16844.4913226424
"Nivolumab_Monkey_Dose3","Nivolumab","39",3,19392.375324314
"Nivolumab_Monkey_Dose3","Nivolumab","4",3,14597.2588360509
"Nivolumab_Monkey_Dose3","Nivolumab","40",3,14959.7889274312
"Nivolumab_Monkey_Dose3","Nivolumab","41",3,14106.4277084958
"Nivolumab_Monkey_Dose3","Nivolumab","42",3,22696.1727075869
"Nivolumab_Monkey_Dose3","Nivolumab","43",3,22312.3733532067
"Nivolumab_Monkey_Dose3","Nivolumab","44",3,11843.4630455171
"Nivolumab_Monkey_Dose3","Nivolumab","45",3,14461.9342719419
"Nivolumab_Monkey_Dose3","Nivolumab","46",3,16629.303303926
"Nivolumab_Monkey_Dose3","Nivolumab","47",3,19384.5643572742
"Nivolumab_Monkey_Dose3","Nivolumab","48",3,12264.0013965834
"Nivolumab_Monkey_Dose3","Nivolumab","49",3,23038.0652259626
"Nivolumab_Monkey_Dose3","Nivolumab","5",3,18716.0120649182
"Nivolumab_Monkey_Dose3","Nivolumab","50",3,20006.0897845885
"Nivolumab_Monkey_Dose3","Nivolumab","51",3,13821.7525474669
"Nivolumab_Monkey_Dose3","Nivolumab","52",3,13904.7814324962
"Nivolumab_Monkey_Dose3","Nivolumab","53",3,18641.4975094016
"Nivolumab_Monkey_Dose3","Nivolumab","54",3,14914.0147468581
"Nivolumab_Monkey_Dose3","Nivolumab","55",3,18246.1799614677
"Nivolumab_Monkey_Dose3","Nivolumab","56",3,19285.9316041569
"Nivolumab_Monkey_Dose3","Nivolumab","57",3,12663.6160462657
"Nivolumab_Monkey_Dose3","Nivolumab","58",3,17931.7446436373
"Nivolumab_Monkey_Dose3","Nivolumab","59",3,17831.1531683486
"Nivolumab_Monkey_Dose3","Nivolumab","6",3,22345.8784881782
"Nivolumab_Monkey_Dose3","Nivolumab","60",3,14454.0572617931
"Nivolumab_Monkey_Dose3","Nivolumab","61",3,15562.0289635619
"Nivolumab_Monkey_Dose3","Nivolumab","62",3,19531.9499053815
"Nivolumab_Monkey_Dose3","Nivolumab","63",3,20036.8997556598
"Nivolumab_Monkey_Dose3","Nivolumab","64",3,16826.6666758462
"Nivolumab_Monkey_Dose3","Nivolumab","65",3,20667.7474084876
"Nivolumab_Monkey_Dose3","Nivolumab","66",3,24277.2173465316
"Nivolumab_Monkey_Dose3","Nivolumab","67",3,20119.0503772838
"Nivolumab_Monkey_Dose3","Nivolumab","68",3,17975.3881072976
"Nivolumab_Monkey_Dose3","Nivolumab","69",3,17666.1330609163
"Nivolumab_Monkey_Dose3","Nivolumab","7",3,10378.7684358162
"Nivolumab_Monkey_Dose3","Nivolumab","70",3,14170.9137376417
"Nivolumab_Monkey_Dose3","Nivolumab","71",3,15341.1781160663
"Nivolumab_Monkey_Dose3","Nivolumab","72",3,14701.2826884094
"Nivolumab_Monkey_Dose3","Nivolumab","73",3,16061.7152816754
"Nivolumab_Monkey_Dose3","Nivolumab","74",3,19358.5309514674
"Nivolumab_Monkey_Dose3","Nivolumab","75",3,12947.0261058097
"Nivolumab_Monkey_Dose3","Nivolumab","76",3,13146.5057510216
"Nivolumab_Monkey_Dose3","Nivolumab","77",3,15881.5666444423
"Nivolumab_Monkey_Dose3","Nivolumab","78",3,16565.076873323
"Nivolumab_Monkey_Dose3","Nivolumab","79",3,11688.160410841
"Nivolumab_Monkey_Dose3","Nivolumab","8",3,17289.1979157358
"Nivolumab_Monkey_Dose3","Nivolumab","80",3,17098.2471926076
"Nivolumab_Monkey_Dose3","Nivolumab","81",3,18371.9803361448
"Nivolumab_Monkey_Dose3","Nivolumab","82",3,19272.6463931861
"Nivolumab_Monkey_Dose3","Nivolumab","83",3,15319.3708096043
"Nivolumab_Monkey_Dose3","Nivolumab","84",3,16327.1318240578
"Nivolumab_Monkey_Dose3","Nivolumab","85",3,18011.8047957024
"Nivolumab_Monkey_Dose3","Nivolumab","86",3,18682.5581117211
"Nivolumab_Monkey_Dose3","Nivolumab","87",3,15231.7050721391
"Nivolumab_Monkey_Dose3","Nivolumab","88",3,19403.2171369581
"Nivolumab_Monkey_Dose3","Nivolumab","89",3,18313.1931201511
"Nivolumab_Monkey_Dose3","Nivolumab","9",3,18076.7571447376
"Nivolumab_Monkey_Dose3","Nivolumab","90",3,15382.4709187832
"Nivolumab_Monkey_Dose3","Nivolumab","91",3,20279.9766960046
"Nivolumab_Monkey_Dose3","Nivolumab","92",3,15097.8780883882
"Nivolumab_Monkey_Dose3","Nivolumab","93",3,8887.43309647122
"Nivolumab_Monkey_Dose3","Nivolumab","94",3,20744.9190410609
"Nivolumab_Monkey_Dose3","Nivolumab","95",3,16462.374165163
"Nivolumab_Monkey_Dose3","Nivolumab","96",3,18331.4204579511
"Nivolumab_Monkey_Dose3","Nivolumab","97",3,17748.0249697605
"Nivolumab_Monkey_Dose3","Nivolumab","98",3,20006.8513563597
"Nivolumab_Monkey_Dose3","Nivolumab","99",3,16709.7125926353
"Pembrolizumab_Monkey_Dose0.3","Pembrolizumab","1",0.3,1151.2349476699
"Pembrolizumab_Monkey_Dose0.3","Pembrolizumab","10",0.3,1287.84642987334
"Pembrolizumab_Monkey_Dose0.3","Pembrolizumab","100",0.3,1051.97871797547
"Pembrolizumab_Monkey_Dose0.3","Pembrolizumab","11",0.3,1672.56508984737
"Pembrolizumab_Monkey_Dose0.3","Pembrolizumab","12",0.3,1377.08882767592
"Pembrolizumab_Monkey_Dose0.3","Pembrolizumab","13",0.3,1299.12400611656
"Pembrolizumab_Monkey_Dose0.3","Pembrolizumab","14",0.3,1607.16105460311
"Pembrolizumab_Monkey_Dose0.3","Pembrolizumab","15",0.3,1215.16699111499
"Pembrolizumab_Monkey_Dose0.3","Pembrolizumab","16",0.3,1070.10640944293
"Pembrolizumab_Monkey_Dose0.3","Pembrolizumab","17",0.3,1209.09235028041
"Pembrolizumab_Monkey_Dose0.3","Pembrolizumab","18",0.3,999.908823619572
"Pembrolizumab_Monkey_Dose0.3","Pembrolizumab","19",0.3,1071.06435484101
"Pembrolizumab_Monkey_Dose0.3","Pembrolizumab","2",0.3,1350.6597807395
"Pembrolizumab_Monkey_Dose0.3","Pembrolizumab","20",0.3,1265.45915452522
"Pembrolizumab_Monkey_Dose0.3","Pembrolizumab","21",0.3,1870.31674960991
"Pembrolizumab_Monkey_Dose0.3","Pembrolizumab","22",0.3,1045.49867831854
"Pembrolizumab_Monkey_Dose0.3","Pembrolizumab","23",0.3,1525.73157952365
"Pembrolizumab_Monkey_Dose0.3","Pembrolizumab","24",0.3,898.74349488974
"Pembrolizumab_Monkey_Dose0.3","Pembrolizumab","25",0.3,2127.66981536994
"Pembrolizumab_Monkey_Dose0.3","Pembrolizumab","26",0.3,1360.46788814356
"Pembrolizumab_Monkey_Dose0.3","Pembrolizumab","27",0.3,1759.19156498165
"Pembrolizumab_Monkey_Dose0.3","Pembrolizumab","28",0.3,1443.04096979832
"Pembrolizumab_Monkey_Dose0.3","Pembrolizumab","29",0.3,1350.01287624901
"Pembrolizumab_Monkey_Dose0.3","Pembrolizumab","3",0.3,1101.33538226385
"Pembrolizumab_Monkey_Dose0.3","Pembrolizumab","30",0.3,1443.08938018777
"Pembrolizumab_Monkey_Dose0.3","Pembrolizumab","31",0.3,1784.6851164659
"Pembrolizumab_Monkey_Dose0.3","Pembrolizumab","32",0.3,1477.45206033605
"Pembrolizumab_Monkey_Dose0.3","Pembrolizumab","33",0.3,982.12855903015
"Pembrolizumab_Monkey_Dose0.3","Pembrolizumab","34",0.3,1176.80290201958
"Pembrolizumab_Monkey_Dose0.3","Pembrolizumab","35",0.3,937.586931716065
"Pembrolizumab_Monkey_Dose0.3","Pembrolizumab","36",0.3,1291.22444085208
"Pembrolizumab_Monkey_Dose0.3","Pembrolizumab","37",0.3,1067.86609057247
"Pembrolizumab_Monkey_Dose0.3","Pembrolizumab","38",0.3,1229.38440323712
"Pembrolizumab_Monkey_Dose0.3","Pembrolizumab","39",0.3,1046.24468430477
"Pembrolizumab_Monkey_Dose0.3","Pembrolizumab","4",0.3,1201.93968008184
"Pembrolizumab_Monkey_Dose0.3","Pembrolizumab","40",0.3,1122.84214768512
"Pembrolizumab_Monkey_Dose0.3","Pembrolizumab","41",0.3,1775.36170238888
"Pembrolizumab_Monkey_Dose0.3","Pembrolizumab","42",0.3,886.45864036832
"Pembrolizumab_Monkey_Dose0.3","Pembrolizumab","43",0.3,949.699366663367
"Pembrolizumab_Monkey_Dose0.3","Pembrolizumab","44",0.3,1275.84877161168
"Pembrolizumab_Monkey_Dose0.3","Pembrolizumab","45",0.3,1330.92276272062
"Pembrolizumab_Monkey_Dose0.3","Pembrolizumab","46",0.3,1334.90119875109
"Pembrolizumab_Monkey_Dose0.3","Pembrolizumab","47",0.3,1251.16156490788
"Pembrolizumab_Monkey_Dose0.3","Pembrolizumab","48",0.3,1436.83197619627
"Pembrolizumab_Monkey_Dose0.3","Pembrolizumab","49",0.3,1251.88720280417
"Pembrolizumab_Monkey_Dose0.3","Pembrolizumab","5",0.3,822.429531042182
"Pembrolizumab_Monkey_Dose0.3","Pembrolizumab","50",0.3,1227.4794902542
"Pembrolizumab_Monkey_Dose0.3","Pembrolizumab","51",0.3,1486.21616223882
"Pembrolizumab_Monkey_Dose0.3","Pembrolizumab","52",0.3,1394.16082919215
"Pembrolizumab_Monkey_Dose0.3","Pembrolizumab","53",0.3,989.1280746615
"Pembrolizumab_Monkey_Dose0.3","Pembrolizumab","54",0.3,1067.19635357681
"Pembrolizumab_Monkey_Dose0.3","Pembrolizumab","55",0.3,1217.14791750159
"Pembrolizumab_Monkey_Dose0.3","Pembrolizumab","56",0.3,1510.91975963339
"Pembrolizumab_Monkey_Dose0.3","Pembrolizumab","57",0.3,1148.44875869675
"Pembrolizumab_Monkey_Dose0.3","Pembrolizumab","58",0.3,1184.09128734599
"Pembrolizumab_Monkey_Dose0.3","Pembrolizumab","59",0.3,1351.90992834823
"Pembrolizumab_Monkey_Dose0.3","Pembrolizumab","6",0.3,1274.61100153141
"Pembrolizumab_Monkey_Dose0.3","Pembrolizumab","60",0.3,1313.35498831659
"Pembrolizumab_Monkey_Dose0.3","Pembrolizumab","61",0.3,1709.88322053419
"Pembrolizumab_Monkey_Dose0.3","Pembrolizumab","62",0.3,1456.9892490353
"Pembrolizumab_Monkey_Dose0.3","Pembrolizumab","63",0.3,1550.17212765214
"Pembrolizumab_Monkey_Dose0.3","Pembrolizumab","64",0.3,1197.47753010527
"Pembrolizumab_Monkey_Dose0.3","Pembrolizumab","65",0.3,931.548424642789
"Pembrolizumab_Monkey_Dose0.3","Pembrolizumab","66",0.3,1308.48744956391
"Pembrolizumab_Monkey_Dose0.3","Pembrolizumab","67",0.3,1273.04852798669
"Pembrolizumab_Monkey_Dose0.3","Pembrolizumab","68",0.3,1839.10720932349
"Pembrolizumab_Monkey_Dose0.3","Pembrolizumab","69",0.3,1551.53867990107
"Pembrolizumab_Monkey_Dose0.3","Pembrolizumab","7",0.3,1438.80090377804
"Pembrolizumab_Monkey_Dose0.3","Pembrolizumab","70",0.3,1469.53941958053
"Pembrolizumab_Monkey_Dose0.3","Pembrolizumab","71",0.3,1348.54634544409
"Pembrolizumab_Monkey_Dose0.3","Pembrolizumab","72",0.3,1023.0090355437
"Pembrolizumab_Monkey_Dose0.3","Pembrolizumab","73",0.3,1520.08659680741
"Pembrolizumab_Monkey_Dose0.3","Pembrolizumab","74",0.3,1374.36104314715
"Pembrolizumab_Monkey_Dose0.3","Pembrolizumab","75",0.3,1265.1949506178
"Pembrolizumab_Monkey_Dose0.3","Pembrolizumab","76",0.3,1340.86796375439
"Pembrolizumab_Monkey_Dose0.3","Pembrolizumab","77",0.3,1467.54853318776
"Pembrolizumab_Monkey_Dose0.3","Pembrolizumab","78",0.3,1441.07889963175
"Pembrolizumab_Monkey_Dose0.3","Pembrolizumab","79",0.3,1139.58674698669
"Pembrolizumab_Monkey_Dose0.3","Pembrolizumab","8",0.3,989.23622876422
"Pembrolizumab_Monkey_Dose0.3","Pembrolizumab","80",0.3,1051.31421093976
"Pembrolizumab_Monkey_Dose0.3","Pembrolizumab","81",0.3,1280.31720079519
"Pembrolizumab_Monkey_Dose0.3","Pembrolizumab","82",0.3,1696.73212514616
"Pembrolizumab_Monkey_Dose0.3","Pembrolizumab","83",0.3,1234.19700373714
"Pembrolizumab_Monkey_Dose0.3","Pembrolizumab","84",0.3,811.972584193701
"Pembrolizumab_Monkey_Dose0.3","Pembrolizumab","85",0.3,1685.93599529556
"Pembrolizumab_Monkey_Dose0.3","Pembrolizumab","86",0.3,1549.32138078305
"Pembrolizumab_Monkey_Dose0.3","Pembrolizumab","87",0.3,1107.90790636229
"Pembrolizumab_Monkey_Dose0.3","Pembrolizumab","88",0.3,1579.83372352141
"Pembrolizumab_Monkey_Dose0.3","Pembrolizumab","89",0.3,1047.54186463261
"Pembrolizumab_Monkey_Dose0.3","Pembrolizumab","9",0.3,701.035234545656
"Pembrolizumab_Monkey_Dose0.3","Pembrolizumab","90",0.3,983.188623575427
"Pembrolizumab_Monkey_Dose0.3","Pembrolizumab","91",0.3,1412.02711716692
"Pembrolizumab_Monkey_Dose0.3","Pembrolizumab","92",0.3,1506.33790481222
"Pembrolizumab_Monkey_Dose0.3","Pembrolizumab","93",0.3,1382.87358736348
"Pembrolizumab_Monkey_Dose0.3","Pembrolizumab","94",0.3,1563.84246615043
"Pembrolizumab_Monkey_Dose0.3","Pembrolizumab","95",0.3,1008.2293427992
"Pembrolizumab_Monkey_Dose0.3","Pembrolizumab","96",0.3,759.203567903217
"Pembrolizumab_Monkey_Dose0.3","Pembrolizumab","97",0.3,1128.65116142813
"Pembrolizumab_Monkey_Dose0.3","Pembrolizumab","98",0.3,1059.68734588375
"Pembrolizumab_Monkey_Dose0.3","Pembrolizumab","99",0.3,1540.65347022554
"Pembrolizumab_Monkey_Dose10","Pembrolizumab","1",10,38426.108991119
"Pembrolizumab_Monkey_Dose10","Pembrolizumab","10",10,43041.2057515702
"Pembrolizumab_Monkey_Dose10","Pembrolizumab","100",10,35121.3561928258
"Pembrolizumab_Monkey_Dose10","Pembrolizumab","11",10,55775.2687782342
"Pembrolizumab_Monkey_Dose10","Pembrolizumab","12",10,45959.0819828322
"Pembrolizumab_Monkey_Dose10","Pembrolizumab","13",10,43372.9718469119
"Pembrolizumab_Monkey_Dose10","Pembrolizumab","14",10,53640.7047483908
"Pembrolizumab_Monkey_Dose10","Pembrolizumab","15",10,40550.0385648437
"Pembrolizumab_Monkey_Dose10","Pembrolizumab","16",10,35779.5984511619
"Pembrolizumab_Monkey_Dose10","Pembrolizumab","17",10,40323.7666959175
"Pembrolizumab_Monkey_Dose10","Pembrolizumab","18",10,33258.0577620463
"Pembrolizumab_Monkey_Dose10","Pembrolizumab","19",10,35650.784835475
"Pembrolizumab_Monkey_Dose10","Pembrolizumab","2",10,45256.2504631161
"Pembrolizumab_Monkey_Dose10","Pembrolizumab","20",10,42249.0924583168
"Pembrolizumab_Monkey_Dose10","Pembrolizumab","21",10,62615.4963771141
"Pembrolizumab_Monkey_Dose10","Pembrolizumab","22",10,35023.5056889174
"Pembrolizumab_Monkey_Dose10","Pembrolizumab","23",10,50898.7266304475
"Pembrolizumab_Monkey_Dose10","Pembrolizumab","24",10,29932.1270145552
"Pembrolizumab_Monkey_Dose10","Pembrolizumab","25",10,71048.9649367435
"Pembrolizumab_Monkey_Dose10","Pembrolizumab","26",10,45427.2927619002
"Pembrolizumab_Monkey_Dose10","Pembrolizumab","27",10,58717.639209676
"Pembrolizumab_Monkey_Dose10","Pembrolizumab","28",10,48183.5049962486
"Pembrolizumab_Monkey_Dose10","Pembrolizumab","29",10,45008.0083050309
"Pembrolizumab_Monkey_Dose10","Pembrolizumab","3",10,36679.4938669166
"Pembrolizumab_Monkey_Dose10","Pembrolizumab","30",10,48168.8492247324
"Pembrolizumab_Monkey_Dose10","Pembrolizumab","31",10,59511.5483030271
"Pembrolizumab_Monkey_Dose10","Pembrolizumab","32",10,49394.8060902205
"Pembrolizumab_Monkey_Dose10","Pembrolizumab","33",10,32719.0000629744
"Pembrolizumab_Monkey_Dose10","Pembrolizumab","34",10,39338.5522450558
"Pembrolizumab_Monkey_Dose10","Pembrolizumab","35",10,31247.0221515084
"Pembrolizumab_Monkey_Dose10","Pembrolizumab","36",10,43121.1762546805
"Pembrolizumab_Monkey_Dose10","Pembrolizumab","37",10,35609.2323639106
"Pembrolizumab_Monkey_Dose10","Pembrolizumab","38",10,41102.4787834027
"Pembrolizumab_Monkey_Dose10","Pembrolizumab","39",10,34930.9270284839
"Pembrolizumab_Monkey_Dose10","Pembrolizumab","4",10,40108.9698698396
"Pembrolizumab_Monkey_Dose10","Pembrolizumab","40",10,37423.9637386727
"Pembrolizumab_Monkey_Dose10","Pembrolizumab","41",10,59190.363620727
"Pembrolizumab_Monkey_Dose10","Pembrolizumab","42",10,29603.1433886674
"Pembrolizumab_Monkey_Dose10","Pembrolizumab","43",10,31814.4922999521
"Pembrolizumab_Monkey_Dose10","Pembrolizumab","44",10,42567.0470735336
"Pembrolizumab_Monkey_Dose10","Pembrolizumab","45",10,44406.9622723639
"Pembrolizumab_Monkey_Dose10","Pembrolizumab","46",10,44568.3512259451
"Pembrolizumab_Monkey_Dose10","Pembrolizumab","47",10,41775.5280904885
"Pembrolizumab_Monkey_Dose10","Pembrolizumab","48",10,47942.2086608379
"Pembrolizumab_Monkey_Dose10","Pembrolizumab","49",10,41784.9177173663
"Pembrolizumab_Monkey_Dose10","Pembrolizumab","5",10,27568.9060411517
"Pembrolizumab_Monkey_Dose10","Pembrolizumab","50",10,41009.4444836759
"Pembrolizumab_Monkey_Dose10","Pembrolizumab","51",10,49616.3392728111
"Pembrolizumab_Monkey_Dose10","Pembrolizumab","52",10,46493.6385192883
"Pembrolizumab_Monkey_Dose10","Pembrolizumab","53",10,32967.2792360965
"Pembrolizumab_Monkey_Dose10","Pembrolizumab","54",10,35606.8860813696
"Pembrolizumab_Monkey_Dose10","Pembrolizumab","55",10,40599.6316089979
"Pembrolizumab_Monkey_Dose10","Pembrolizumab","56",10,50433.7835128258
"Pembrolizumab_Monkey_Dose10","Pembrolizumab","57",10,38289.8014851777
"Pembrolizumab_Monkey_Dose10","Pembrolizumab","58",10,39661.224402106
"Pembrolizumab_Monkey_Dose10","Pembrolizumab","59",10,45169.3207325959
"Pembrolizumab_Monkey_Dose10","Pembrolizumab","6",10,42497.8546500734
"Pembrolizumab_Monkey_Dose10","Pembrolizumab","60",10,43872.7596871945
"Pembrolizumab_Monkey_Dose10","Pembrolizumab","61",10,56990.2491718445
"Pembrolizumab_Monkey_Dose10","Pembrolizumab","62",10,48615.4349803879
"Pembrolizumab_Monkey_Dose10","Pembrolizumab","63",10,51728.7365247275
"Pembrolizumab_Monkey_Dose10","Pembrolizumab","64",10,40110.1532183859
"Pembrolizumab_Monkey_Dose10","Pembrolizumab","65",10,31090.7723281326
"Pembrolizumab_Monkey_Dose10","Pembrolizumab","66",10,43678.7660785933
"Pembrolizumab_Monkey_Dose10","Pembrolizumab","67",10,42529.5574265013
"Pembrolizumab_Monkey_Dose10","Pembrolizumab","68",10,61443.3689779656
"Pembrolizumab_Monkey_Dose10","Pembrolizumab","69",10,51782.9460303234
"Pembrolizumab_Monkey_Dose10","Pembrolizumab","7",10,48028.8410766779
"Pembrolizumab_Monkey_Dose10","Pembrolizumab","70",10,49025.3297674841
"Pembrolizumab_Monkey_Dose10","Pembrolizumab","71",10,45024.2725525409
"Pembrolizumab_Monkey_Dose10","Pembrolizumab","72",10,34298.9608816438
"Pembrolizumab_Monkey_Dose10","Pembrolizumab","73",10,50766.5123895446
"Pembrolizumab_Monkey_Dose10","Pembrolizumab","74",10,45911.4931768229
"Pembrolizumab_Monkey_Dose10","Pembrolizumab","75",10,42310.1119580604
"Pembrolizumab_Monkey_Dose10","Pembrolizumab","76",10,44820.5173238869
"Pembrolizumab_Monkey_Dose10","Pembrolizumab","77",10,48951.4288319216
"Pembrolizumab_Monkey_Dose10","Pembrolizumab","78",10,48120.2454010054
"Pembrolizumab_Monkey_Dose10","Pembrolizumab","79",10,38057.0903701861
"Pembrolizumab_Monkey_Dose10","Pembrolizumab","8",10,33201.1381863116
"Pembrolizumab_Monkey_Dose10","Pembrolizumab","80",10,35062.9107530042
"Pembrolizumab_Monkey_Dose10","Pembrolizumab","81",10,42759.2574736665
"Pembrolizumab_Monkey_Dose10","Pembrolizumab","82",10,56605.1398046659
"Pembrolizumab_Monkey_Dose10","Pembrolizumab","83",10,41196.171289711
"Pembrolizumab_Monkey_Dose10","Pembrolizumab","84",10,27047.6007297478
"Pembrolizumab_Monkey_Dose10","Pembrolizumab","85",10,56277.4111575296
"Pembrolizumab_Monkey_Dose10","Pembrolizumab","86",10,51679.6425101188
"Pembrolizumab_Monkey_Dose10","Pembrolizumab","87",10,36932.1455412515
"Pembrolizumab_Monkey_Dose10","Pembrolizumab","88",10,52786.5001771839
"Pembrolizumab_Monkey_Dose10","Pembrolizumab","89",10,34910.5205687658
"Pembrolizumab_Monkey_Dose10","Pembrolizumab","9",10,23312.7953849455
"Pembrolizumab_Monkey_Dose10","Pembrolizumab","90",10,32809.9707096966
"Pembrolizumab_Monkey_Dose10","Pembrolizumab","91",10,47430.5048184927
"Pembrolizumab_Monkey_Dose10","Pembrolizumab","92",10,50219.4721476309
"Pembrolizumab_Monkey_Dose10","Pembrolizumab","93",10,46123.8284803742
"Pembrolizumab_Monkey_Dose10","Pembrolizumab","94",10,52119.8955134513
"Pembrolizumab_Monkey_Dose10","Pembrolizumab","95",10,33601.4457663072
"Pembrolizumab_Monkey_Dose10","Pembrolizumab","96",10,25321.8457350951
"Pembrolizumab_Monkey_Dose10","Pembrolizumab","97",10,37659.0005131102
"Pembrolizumab_Monkey_Dose10","Pembrolizumab","98",10,35389.284297295
"Pembrolizumab_Monkey_Dose10","Pembrolizumab","99",10,51502.7704983842
"Pembrolizumab_Monkey_Dose3","Pembrolizumab","1",3,11526.5867828163
"Pembrolizumab_Monkey_Dose3","Pembrolizumab","10",3,12909.6114193695
"Pembrolizumab_Monkey_Dose3","Pembrolizumab","100",3,10535.1612010961
"Pembrolizumab_Monkey_Dose3","Pembrolizumab","11",3,16732.0367368504
"Pembrolizumab_Monkey_Dose3","Pembrolizumab","12",3,13786.4184668019
"Pembrolizumab_Monkey_Dose3","Pembrolizumab","13",3,13010.296286208
"Pembrolizumab_Monkey_Dose3","Pembrolizumab","14",3,16090.609686726
"Pembrolizumab_Monkey_Dose3","Pembrolizumab","15",3,12163.9605634275
"Pembrolizumab_Monkey_Dose3","Pembrolizumab","16",3,10731.4027144266
"Pembrolizumab_Monkey_Dose3","Pembrolizumab","17",3,12096.6088454372
"Pembrolizumab_Monkey_Dose3","Pembrolizumab","18",3,9979.78251071894
"Pembrolizumab_Monkey_Dose3","Pembrolizumab","19",3,10696.7881577581
"Pembrolizumab_Monkey_Dose3","Pembrolizumab","2",3,13571.1661441064
"Pembrolizumab_Monkey_Dose3","Pembrolizumab","20",3,12673.2266890486
"Pembrolizumab_Monkey_Dose3","Pembrolizumab","21",3,18778.5444705801
"Pembrolizumab_Monkey_Dose3","Pembrolizumab","22",3,10503.1606485197
"Pembrolizumab_Monkey_Dose3","Pembrolizumab","23",3,15268.7072538559
"Pembrolizumab_Monkey_Dose3","Pembrolizumab","24",3,8980.40101568218
"Pembrolizumab_Monkey_Dose3","Pembrolizumab","25",3,21311.8311923869
"Pembrolizumab_Monkey_Dose3","Pembrolizumab","26",3,13626.0830816478
"Pembrolizumab_Monkey_Dose3","Pembrolizumab","27",3,17613.5203224001
"Pembrolizumab_Monkey_Dose3","Pembrolizumab","28",3,14453.1595843869
"Pembrolizumab_Monkey_Dose3","Pembrolizumab","29",3,13502.2146525327
"Pembrolizumab_Monkey_Dose3","Pembrolizumab","3",3,11004.7639435194
"Pembrolizumab_Monkey_Dose3","Pembrolizumab","30",3,14449.1097713049
"Pembrolizumab_Monkey_Dose3","Pembrolizumab","31",3,17852.9532905028
"Pembrolizumab_Monkey_Dose3","Pembrolizumab","32",3,14815.179273136
"Pembrolizumab_Monkey_Dose3","Pembrolizumab","33",3,9816.24058643426
"Pembrolizumab_Monkey_Dose3","Pembrolizumab","34",3,11798.9083423951
"Pembrolizumab_Monkey_Dose3","Pembrolizumab","35",3,9374.25489920108
"Pembrolizumab_Monkey_Dose3","Pembrolizumab","36",3,12934.3642050389
"Pembrolizumab_Monkey_Dose3","Pembrolizumab","37",3,10682.3824197124
"Pembrolizumab_Monkey_Dose3","Pembrolizumab","38",3,12327.9164343844
"Pembrolizumab_Monkey_Dose3","Pembrolizumab","39",3,10477.7305299526
"Pembrolizumab_Monkey_Dose3","Pembrolizumab","4",3,12031.6680115665
"Pembrolizumab_Monkey_Dose3","Pembrolizumab","40",3,11227.3062861323
"Pembrolizumab_Monkey_Dose3","Pembrolizumab","41",3,17756.84525464
"Pembrolizumab_Monkey_Dose3","Pembrolizumab","42",3,8879.66389745598
"Pembrolizumab_Monkey_Dose3","Pembrolizumab","43",3,9540.62433142824
"Pembrolizumab_Monkey_Dose3","Pembrolizumab","44",3,12769.2367936677
"Pembrolizumab_Monkey_Dose3","Pembrolizumab","45",3,13321.1161276582
"Pembrolizumab_Monkey_Dose3","Pembrolizumab","46",3,13368.7211586634
"Pembrolizumab_Monkey_Dose3","Pembrolizumab","47",3,12530.9429607561
"Pembrolizumab_Monkey_Dose3","Pembrolizumab","48",3,14381.5725157337
"Pembrolizumab_Monkey_Dose3","Pembrolizumab","49",3,12534.1150330521
"Pembrolizumab_Monkey_Dose3","Pembrolizumab","5",3,8267.00235058082
"Pembrolizumab_Monkey_Dose3","Pembrolizumab","50",3,12300.7370836778
"Pembrolizumab_Monkey_Dose3","Pembrolizumab","51",3,14883.1538936718
"Pembrolizumab_Monkey_Dose3","Pembrolizumab","52",3,13947.6033133862
"Pembrolizumab_Monkey_Dose3","Pembrolizumab","53",3,9890.31202646174
"Pembrolizumab_Monkey_Dose3","Pembrolizumab","54",3,10681.2697628183
"Pembrolizumab_Monkey_Dose3","Pembrolizumab","55",3,12179.2137300519
"Pembrolizumab_Monkey_Dose3","Pembrolizumab","56",3,15128.5808827052
"Pembrolizumab_Monkey_Dose3","Pembrolizumab","57",3,11486.7507730716
"Pembrolizumab_Monkey_Dose3","Pembrolizumab","58",3,11893.8788930258
"Pembrolizumab_Monkey_Dose3","Pembrolizumab","59",3,13548.2105656273
"Pembrolizumab_Monkey_Dose3","Pembrolizumab","6",3,12749.0873300813
"Pembrolizumab_Monkey_Dose3","Pembrolizumab","60",3,13159.6532099329
"Pembrolizumab_Monkey_Dose3","Pembrolizumab","61",3,17097.2200569441
"Pembrolizumab_Monkey_Dose3","Pembrolizumab","62",3,14583.5151586329
"Pembrolizumab_Monkey_Dose3","Pembrolizumab","63",3,15517.3219480912
"Pembrolizumab_Monkey_Dose3","Pembrolizumab","64",3,12028.6256126747
"Pembrolizumab_Monkey_Dose3","Pembrolizumab","65",3,9326.33200898818
"Pembrolizumab_Monkey_Dose3","Pembrolizumab","66",3,13102.1987029234
"Pembrolizumab_Monkey_Dose3","Pembrolizumab","67",3,12756.6835699855
"Pembrolizumab_Monkey_Dose3","Pembrolizumab","68",3,18429.9311134834
"Pembrolizumab_Monkey_Dose3","Pembrolizumab","69",3,15533.2619653925
"Pembrolizumab_Monkey_Dose3","Pembrolizumab","7",3,14407.0312859109
"Pembrolizumab_Monkey_Dose3","Pembrolizumab","70",3,14706.6414276213
"Pembrolizumab_Monkey_Dose3","Pembrolizumab","71",3,13505.6491295049
"Pembrolizumab_Monkey_Dose3","Pembrolizumab","72",3,10285.0460076875
"Pembrolizumab_Monkey_Dose3","Pembrolizumab","73",3,15227.7501998646
"Pembrolizumab_Monkey_Dose3","Pembrolizumab","74",3,13771.1196680231
"Pembrolizumab_Monkey_Dose3","Pembrolizumab","75",3,12689.9204351058
"Pembrolizumab_Monkey_Dose3","Pembrolizumab","76",3,13443.3638413445
"Pembrolizumab_Monkey_Dose3","Pembrolizumab","77",3,14684.6249224598
"Pembrolizumab_Monkey_Dose3","Pembrolizumab","78",3,14434.1521983905
"Pembrolizumab_Monkey_Dose3","Pembrolizumab","79",3,11415.5428107809
"Pembrolizumab_Monkey_Dose3","Pembrolizumab","8",3,9954.86633086915
"Pembrolizumab_Monkey_Dose3","Pembrolizumab","80",3,10518.4125268901
"Pembrolizumab_Monkey_Dose3","Pembrolizumab","81",3,12825.9323413389
"Pembrolizumab_Monkey_Dose3","Pembrolizumab","82",3,16980.497386102
"Pembrolizumab_Monkey_Dose3","Pembrolizumab","83",3,12357.5887942503
"Pembrolizumab_Monkey_Dose3","Pembrolizumab","84",3,8114.94377183107
"Pembrolizumab_Monkey_Dose3","Pembrolizumab","85",3,16881.4012238025
"Pembrolizumab_Monkey_Dose3","Pembrolizumab","86",3,15503.0862636737
"Pembrolizumab_Monkey_Dose3","Pembrolizumab","87",3,11079.6081359516
"Pembrolizumab_Monkey_Dose3","Pembrolizumab","88",3,15833.1034885907
"Pembrolizumab_Monkey_Dose3","Pembrolizumab","89",3,10473.34788001
"Pembrolizumab_Monkey_Dose3","Pembrolizumab","9",3,6995.41276347355
"Pembrolizumab_Monkey_Dose3","Pembrolizumab","90",3,9842.060349594
"Pembrolizumab_Monkey_Dose3","Pembrolizumab","91",3,14221.0034710762
"Pembrolizumab_Monkey_Dose3","Pembrolizumab","92",3,15065.6626442026
"Pembrolizumab_Monkey_Dose3","Pembrolizumab","93",3,13836.4965747894
"Pembrolizumab_Monkey_Dose3","Pembrolizumab","94",3,15636.170439147
"Pembrolizumab_Monkey_Dose3","Pembrolizumab","95",3,10080.6192006449
"Pembrolizumab_Monkey_Dose3","Pembrolizumab","96",3,7596.19553892743
"Pembrolizumab_Monkey_Dose3","Pembrolizumab","97",3,11296.7745739542
"Pembrolizumab_Monkey_Dose3","Pembrolizumab","98",3,10615.1637161587
"Pembrolizumab_Monkey_Dose3","Pembrolizumab","99",3,15447.5020803143
