Study Id,Subject Id,Organ,Compartment,Species,Gender,Dose,Molecule,Molecular Weight,Time,Time unit,Measurement,Measurement unit,Error,LLOQ,Route,Group Id,Population,Weight [kg],Height [cm],Age [year(s)],subject Id2
Tajiri 2024 Fig 1,.,Venous Blood,Plasma,NHP,.,3,Adalimumab,148000,1.92,hr,52.98,ug/mL,.,.,IV,.,.,0.35,.,.,67
Tajiri 2024 Fig 1,.,Venous Blood,Plasma,NHP,.,3,Adalimumab,148000,3.12,hr,44.49,ug/mL,.,.,IV,.,.,0.35,.,.,67
Tajiri 2024 Fig 1,.,Venous Blood,Plasma,NHP,.,3,Adalimumab,148000,8.64,hr,38.57,ug/mL,.,.,IV,.,.,0.35,.,.,67
Tajiri 2024 Fig 1,.,Venous Blood,Plasma,NHP,.,3,Adalimumab,148000,25.44,hr,25.94,ug/mL,.,.,IV,.,.,0.35,.,.,67
Tajiri 2024 Fig 1,.,Venous Blood,Plasma,NHP,.,3,Adalimumab,148000,48.96,hr,20.78,ug/mL,.,.,IV,.,.,0.35,.,.,67
Tajiri 2024 Fig 1,.,Venous Blood,Plasma,NHP,.,3,Adalimumab,148000,97.44,hr,15.14,ug/mL,.,.,IV,.,.,0.35,.,.,67
Tajiri 2024 Fig 1,.,Venous Blood,Plasma,NHP,.,3,Adalimumab,148000,169.68,hr,10.69,ug/mL,.,.,IV,.,.,0.35,.,.,67
Tajiri 2024 Fig 1,.,Venous Blood,Plasma,NHP,.,3,Adalimumab,148000,264.24,hr,6.97,ug/mL,.,.,IV,.,.,0.35,.,.,67
Chen 2024 Fig 1,.,Venous Blood,Plasma,human,.,1,Atezolizumab,144000,4.93,hr,21.81,ug/mL,.,.,IV 1hr Infusion,.,.,70,170,.,9
Chen 2024 Fig 1,.,Venous Blood,Plasma,human,.,1,Atezolizumab,144000,28.57,hr,18.52,ug/mL,.,.,IV 1hr Infusion,.,.,70,170,.,9
Chen 2024 Fig 1,.,Venous Blood,Plasma,human,.,1,Atezolizumab,144000,73.89,hr,13.61,ug/mL,.,.,IV 1hr Infusion,.,.,70,170,.,9
Chen 2024 Fig 1,.,Venous Blood,Plasma,human,.,1,Atezolizumab,144000,170.44,hr,8.49,ug/mL,.,.,IV 1hr Infusion,.,.,70,170,.,9
Chen 2024 Fig 1,.,Venous Blood,Plasma,human,.,1,Atezolizumab,144000,340.89,hr,5.8,ug/mL,.,.,IV 1hr Infusion,.,.,70,170,.,9
Chen 2024 Fig 1,.,Venous Blood,Plasma,human,.,1,Atezolizumab,144000,508.37,hr,5.11,ug/mL,.,.,IV 1hr Infusion,.,.,70,170,.,9
Chen 2024 Fig 1,.,Venous Blood,Plasma,human,.,3,Atezolizumab,144000,1,hr,86.5,ug/mL,.,.,IV 1hr Infusion,.,.,70,170,.,10
Chen 2024 Fig 1,.,Venous Blood,Plasma,human,.,3,Atezolizumab,144000,5.91,hr,73.48,ug/mL,.,.,IV 1hr Infusion,.,.,70,170,.,10
Chen 2024 Fig 1,.,Venous Blood,Plasma,human,.,3,Atezolizumab,144000,12.81,hr,61.29,ug/mL,.,.,IV 1hr Infusion,.,.,70,170,.,10
Chen 2024 Fig 1,.,Venous Blood,Plasma,human,.,3,Atezolizumab,144000,28.57,hr,55.98,ug/mL,.,.,IV 1hr Infusion,.,.,70,170,.,10
Chen 2024 Fig 1,.,Venous Blood,Plasma,human,.,3,Atezolizumab,144000,75.86,hr,45.03,ug/mL,.,.,IV 1hr Infusion,.,.,70,170,.,10
Chen 2024 Fig 1,.,Venous Blood,Plasma,human,.,3,Atezolizumab,144000,171.43,hr,30.22,ug/mL,.,.,IV 1hr Infusion,.,.,70,170,.,10
Chen 2024 Fig 1,.,Venous Blood,Plasma,human,.,3,Atezolizumab,144000,338.92,hr,24.76,ug/mL,.,.,IV 1hr Infusion,.,.,70,170,.,10
Chen 2024 Fig 1,.,Venous Blood,Plasma,human,.,3,Atezolizumab,144000,507.39,hr,14.11,ug/mL,.,.,IV 1hr Infusion,.,.,70,170,.,10
Chen 2024 Fig 1,.,Venous Blood,Plasma,human,.,10,Atezolizumab,144000,3.94,hr,234.47,ug/mL,.,.,IV 1hr Infusion,.,.,70,170,.,11
Chen 2024 Fig 1,.,Venous Blood,Plasma,human,.,10,Atezolizumab,144000,27.59,hr,195.59,ug/mL,.,.,IV 1hr Infusion,.,.,70,170,.,11
Chen 2024 Fig 1,.,Venous Blood,Plasma,human,.,10,Atezolizumab,144000,71.92,hr,133.65,ug/mL,.,.,IV 1hr Infusion,.,.,70,170,.,11
Chen 2024 Fig 1,.,Venous Blood,Plasma,human,.,10,Atezolizumab,144000,170.44,hr,103.69,ug/mL,.,.,IV 1hr Infusion,.,.,70,170,.,11
Chen 2024 Fig 1,.,Venous Blood,Plasma,human,.,10,Atezolizumab,144000,340.89,hr,68.34,ug/mL,.,.,IV 1hr Infusion,.,.,70,170,.,11
Chen 2024 Fig 1,.,Venous Blood,Plasma,human,.,10,Atezolizumab,144000,507.39,hr,49.31,ug/mL,.,.,IV 1hr Infusion,.,.,70,170,.,11
Chen 2024 Fig 1,.,Venous Blood,Plasma,human,.,15,Atezolizumab,144000,2.96,hr,349.39,ug/mL,.,.,IV 1hr Infusion,.,.,70,170,.,12
Chen 2024 Fig 1,.,Venous Blood,Plasma,human,.,15,Atezolizumab,144000,9.85,hr,307.74,ug/mL,.,.,IV 1hr Infusion,.,.,70,170,.,12
Chen 2024 Fig 1,.,Venous Blood,Plasma,human,.,15,Atezolizumab,144000,26.6,hr,261.41,ug/mL,.,.,IV 1hr Infusion,.,.,70,170,.,12
Chen 2024 Fig 1,.,Venous Blood,Plasma,human,.,15,Atezolizumab,144000,72.91,hr,192.07,ug/mL,.,.,IV 1hr Infusion,.,.,70,170,.,12
Chen 2024 Fig 1,.,Venous Blood,Plasma,human,.,15,Atezolizumab,144000,171.43,hr,143.71,ug/mL,.,.,IV 1hr Infusion,.,.,70,170,.,12
Chen 2024 Fig 1,.,Venous Blood,Plasma,human,.,15,Atezolizumab,144000,340.89,hr,94.71,ug/mL,.,.,IV 1hr Infusion,.,.,70,170,.,12
Chen 2024 Fig 1,.,Venous Blood,Plasma,human,.,15,Atezolizumab,144000,510.34,hr,67.11,ug/mL,.,.,IV 1hr Infusion,.,.,70,170,.,12
Chen 2024 Fig 1,.,Venous Blood,Plasma,human,.,20,Atezolizumab,144000,1,hr,559.8,ug/mL,.,.,IV 1hr Infusion,.,.,70,170,.,13
Chen 2024 Fig 1,.,Venous Blood,Plasma,human,.,20,Atezolizumab,144000,5.91,hr,442.25,ug/mL,.,.,IV 1hr Infusion,.,.,70,170,.,13
Chen 2024 Fig 1,.,Venous Blood,Plasma,human,.,20,Atezolizumab,144000,23.65,hr,389.54,ug/mL,.,.,IV 1hr Infusion,.,.,70,170,.,13
Chen 2024 Fig 1,.,Venous Blood,Plasma,human,.,20,Atezolizumab,144000,76.85,hr,266.19,ug/mL,.,.,IV 1hr Infusion,.,.,70,170,.,13
Chen 2024 Fig 1,.,Venous Blood,Plasma,human,.,20,Atezolizumab,144000,167.49,hr,214.15,ug/mL,.,.,IV 1hr Infusion,.,.,70,170,.,13
Chen 2024 Fig 1,.,Venous Blood,Plasma,human,.,20,Atezolizumab,144000,337.93,hr,141.13,ug/mL,.,.,IV 1hr Infusion,.,.,70,170,.,13
Chen 2024 Fig 1,.,Venous Blood,Plasma,human,.,20,Atezolizumab,144000,511.33,hr,111.49,ug/mL,.,.,IV 1hr Infusion,.,.,70,170,.,13
Chen 2024 Supp Fig 1,.,Venous Blood,Plasma,NHP,.,0.5,Atezolizumab,144000,0.55,hr,9.11,ug/mL,.,.,IV Bolus,.,.,5,45,.,1
Chen 2024 Supp Fig 1,.,Venous Blood,Plasma,NHP,.,0.5,Atezolizumab,144000,8.87,hr,6.16,ug/mL,.,.,IV Bolus,.,.,5,45,.,1
Chen 2024 Supp Fig 1,.,Venous Blood,Plasma,NHP,.,0.5,Atezolizumab,144000,27.61,hr,4.95,ug/mL,.,.,IV Bolus,.,.,5,45,.,1
Chen 2024 Supp Fig 1,.,Venous Blood,Plasma,NHP,.,0.5,Atezolizumab,144000,73.3,hr,4.35,ug/mL,.,.,IV Bolus,.,.,5,45,.,1
Chen 2024 Supp Fig 1,.,Venous Blood,Plasma,NHP,.,0.5,Atezolizumab,144000,124.21,hr,3.12,ug/mL,.,.,IV Bolus,.,.,5,45,.,1
Chen 2024 Supp Fig 1,.,Venous Blood,Plasma,NHP,.,0.5,Atezolizumab,144000,164.91,hr,2.48,ug/mL,.,.,IV Bolus,.,.,5,45,.,1
Chen 2024 Supp Fig 1,.,Venous Blood,Plasma,NHP,.,5,Atezolizumab,144000,0.74,hr,118.8,ug/mL,.,.,IV Bolus,.,.,5,45,.,2
Chen 2024 Supp Fig 1,.,Venous Blood,Plasma,NHP,.,5,Atezolizumab,144000,8.56,hr,94.22,ug/mL,.,.,IV Bolus,.,.,5,45,.,2
Chen 2024 Supp Fig 1,.,Venous Blood,Plasma,NHP,.,5,Atezolizumab,144000,22.29,hr,69.5,ug/mL,.,.,IV Bolus,.,.,5,45,.,2
Chen 2024 Supp Fig 1,.,Venous Blood,Plasma,NHP,.,5,Atezolizumab,144000,49.43,hr,59.29,ug/mL,.,.,IV Bolus,.,.,5,45,.,2
Chen 2024 Supp Fig 1,.,Venous Blood,Plasma,NHP,.,5,Atezolizumab,144000,101.94,hr,47.77,ug/mL,.,.,IV Bolus,.,.,5,45,.,2
Chen 2024 Supp Fig 1,.,Venous Blood,Plasma,NHP,.,5,Atezolizumab,144000,144.31,hr,39.04,ug/mL,.,.,IV Bolus,.,.,5,45,.,2
Chen 2024 Supp Fig 1,.,Venous Blood,Plasma,NHP,.,5,Atezolizumab,144000,193.38,hr,34.31,ug/mL,.,.,IV Bolus,.,.,5,45,.,2
Chen 2024 Supp Fig 1,.,Venous Blood,Plasma,NHP,.,5,Atezolizumab,144000,242.42,hr,31.5,ug/mL,.,.,IV Bolus,.,.,5,45,.,2
Chen 2024 Supp Fig 1,.,Venous Blood,Plasma,NHP,.,5,Atezolizumab,144000,291.5,hr,27.29,ug/mL,.,.,IV Bolus,.,.,5,45,.,2
Chen 2024 Supp Fig 1,.,Venous Blood,Plasma,NHP,.,5,Atezolizumab,144000,349.08,hr,21.67,ug/mL,.,.,IV Bolus,.,.,5,45,.,2
Chen 2024 Supp Fig 1,.,Venous Blood,Plasma,NHP,.,5,Atezolizumab,144000,1176.91,hr,1.39,ug/mL,.,.,IV Bolus,.,.,5,45,.,2
Chen 2024 Supp Fig 1,.,Venous Blood,Plasma,NHP,.,5,Atezolizumab,144000,1344.76,hr,0.57,ug/mL,.,.,IV Bolus,.,.,5,45,.,2
Chen 2024 Supp Fig 1,.,Venous Blood,Plasma,NHP,.,5,Atezolizumab,144000,1005.51,hr,4.35,ug/mL,.,.,IV Bolus,.,.,5,45,.,2
Chen 2024 Supp Fig 1,.,Venous Blood,Plasma,NHP,.,5,Atezolizumab,144000,478.11,hr,8.6,ug/mL,.,.,IV Bolus,.,.,5,45,.,2
Chen 2024 Supp Fig 1,.,Venous Blood,Plasma,NHP,.,5,Atezolizumab,144000,666.7,hr,18.39,ug/mL,.,.,IV Bolus,.,.,5,45,.,2
Chen 2024 Supp Fig 1,.,Venous Blood,Plasma,NHP,.,5,Atezolizumab,144000,839.17,hr,13.63,ug/mL,.,.,IV Bolus,.,.,5,45,.,2
Chen 2024 Supp Fig 1,.,Venous Blood,Plasma,NHP,.,5,Atezolizumab,144000,410.2,hr,14.05,ug/mL,.,.,IV Bolus,.,.,5,45,.,2
Chen 2024 Supp Fig 1,.,Venous Blood,Plasma,NHP,.,5,Atezolizumab,144000,504.32,hr,25.92,ug/mL,.,.,IV Bolus,.,.,5,45,.,2
Chen 2024 Supp Fig 1,.,Venous Blood,Plasma,NHP,.,5,Atezolizumab,144000,332.73,hr,10.48,ug/mL,.,.,IV Bolus,.,.,5,45,.,2
Chen 2024 Supp Fig 1,.,Venous Blood,Plasma,NHP,.,20,Atezolizumab,144000,0.62,hr,603.49,ug/mL,.,.,IV Bolus,.,.,5,45,.,3
Chen 2024 Supp Fig 1,.,Venous Blood,Plasma,NHP,.,20,Atezolizumab,144000,10.86,hr,408.05,ug/mL,.,.,IV Bolus,.,.,5,45,.,3
Chen 2024 Supp Fig 1,.,Venous Blood,Plasma,NHP,.,20,Atezolizumab,144000,24.58,hr,309.85,ug/mL,.,.,IV Bolus,.,.,5,45,.,3
Chen 2024 Supp Fig 1,.,Venous Blood,Plasma,NHP,.,20,Atezolizumab,144000,70.26,hr,276.28,ug/mL,.,.,IV Bolus,.,.,5,45,.,3
Chen 2024 Supp Fig 1,.,Venous Blood,Plasma,NHP,.,20,Atezolizumab,144000,117.68,hr,229.12,ug/mL,.,.,IV Bolus,.,.,5,45,.,3
Chen 2024 Supp Fig 1,.,Venous Blood,Plasma,NHP,.,20,Atezolizumab,144000,170.16,hr,192.81,ug/mL,.,.,IV Bolus,.,.,5,45,.,3
Chen 2024 Supp Fig 1,.,Venous Blood,Plasma,NHP,.,20,Atezolizumab,144000,324.24,hr,111.61,ug/mL,.,.,IV Bolus,.,.,5,45,.,3
Chen 2024 Supp Fig 1,.,Venous Blood,Plasma,NHP,.,20,Atezolizumab,144000,501.76,hr,85.19,ug/mL,.,.,IV Bolus,.,.,5,45,.,3
Chen 2024 Supp Fig 2,.,Venous Blood,Plasma,NHP,.,20,Atezolizumab,144000,674.61,hr,38,ug/mL,.,.,IV Bolus,.,.,5,45,.,4
Chen 2024 Supp Fig 3,.,Venous Blood,Plasma,NHP,.,20,Atezolizumab,144000,840.21,hr,33.03,ug/mL,.,.,IV Bolus,.,.,5,45,.,5
Chen 2024 Supp Fig 4,.,Venous Blood,Plasma,NHP,.,20,Atezolizumab,144000,1009.45,hr,20.28,ug/mL,.,.,IV Bolus,.,.,5,45,.,6
Chen 2024 Supp Fig 5,.,Venous Blood,Plasma,NHP,.,20,Atezolizumab,144000,1175.3,hr,12.44,ug/mL,.,.,IV Bolus,.,.,5,45,.,7
Chen 2024 Supp Fig 6,.,Venous Blood,Plasma,NHP,.,20,Atezolizumab,144000,1342.98,hr,6.42,ug/mL,.,.,IV Bolus,.,.,5,45,.,8
Chen 2024 Fig 1,.,Venous Blood,Plasma,human,.,1,Avelumab,147000,2.97,hr,19.19,ug/mL,.,.,IV 1hr Infusion,.,.,70,170,.,15
Chen 2024 Fig 1,.,Venous Blood,Plasma,human,.,1,Avelumab,147000,4.63,hr,14.53,ug/mL,.,.,IV 1hr Infusion,.,.,70,170,.,15
Chen 2024 Fig 1,.,Venous Blood,Plasma,human,.,1,Avelumab,147000,11.09,hr,12.52,ug/mL,.,.,IV 1hr Infusion,.,.,70,170,.,15
Chen 2024 Fig 1,.,Venous Blood,Plasma,human,.,1,Avelumab,147000,24.01,hr,9.28,ug/mL,.,.,IV 1hr Infusion,.,.,70,170,.,15
Chen 2024 Fig 1,.,Venous Blood,Plasma,human,.,1,Avelumab,147000,36.96,hr,7.99,ug/mL,.,.,IV 1hr Infusion,.,.,70,170,.,15
Chen 2024 Fig 1,.,Venous Blood,Plasma,human,.,1,Avelumab,147000,47.34,hr,7.82,ug/mL,.,.,IV 1hr Infusion,.,.,70,170,.,15
Chen 2024 Fig 1,.,Venous Blood,Plasma,human,.,1,Avelumab,147000,168.59,hr,1.45,ug/mL,.,.,IV 1hr Infusion,.,.,70,170,.,15
Chen 2024 Fig 1,.,Venous Blood,Plasma,human,.,3,Avelumab,147000,2.89,hr,87.5,ug/mL,.,.,IV 1hr Infusion,.,.,70,170,.,16
Chen 2024 Fig 1,.,Venous Blood,Plasma,human,.,3,Avelumab,147000,4.13,hr,69.17,ug/mL,.,.,IV 1hr Infusion,.,.,70,170,.,16
Chen 2024 Fig 1,.,Venous Blood,Plasma,human,.,3,Avelumab,147000,10.15,hr,58.3,ug/mL,.,.,IV 1hr Infusion,.,.,70,170,.,16
Chen 2024 Fig 1,.,Venous Blood,Plasma,human,.,3,Avelumab,147000,23.08,hr,44.16,ug/mL,.,.,IV 1hr Infusion,.,.,70,170,.,16
Chen 2024 Fig 1,.,Venous Blood,Plasma,human,.,3,Avelumab,147000,38.17,hr,34.91,ug/mL,.,.,IV 1hr Infusion,.,.,70,170,.,16
Chen 2024 Fig 1,.,Venous Blood,Plasma,human,.,3,Avelumab,147000,49.85,hr,33.45,ug/mL,.,.,IV 1hr Infusion,.,.,70,170,.,16
Chen 2024 Fig 1,.,Venous Blood,Plasma,human,.,3,Avelumab,147000,169.98,hr,13.34,ug/mL,.,.,IV 1hr Infusion,.,.,70,170,.,16
Chen 2024 Fig 1,.,Venous Blood,Plasma,human,.,3,Avelumab,147000,338.11,hr,4.3,ug/mL,.,.,IV 1hr Infusion,.,.,70,170,.,16
Chen 2024 Fig 1,.,Venous Blood,Plasma,human,.,10,Avelumab,147000,1.02,hr,308.72,ug/mL,.,.,IV 1hr Infusion,.,.,70,170,.,17
Chen 2024 Fig 1,.,Venous Blood,Plasma,human,.,10,Avelumab,147000,4.46,hr,271.57,ug/mL,.,.,IV 1hr Infusion,.,.,70,170,.,17
Chen 2024 Fig 1,.,Venous Blood,Plasma,human,.,10,Avelumab,147000,8.75,hr,238.89,ug/mL,.,.,IV 1hr Infusion,.,.,70,170,.,17
Chen 2024 Fig 1,.,Venous Blood,Plasma,human,.,10,Avelumab,147000,14.79,hr,214.68,ug/mL,.,.,IV 1hr Infusion,.,.,70,170,.,17
Chen 2024 Fig 1,.,Venous Blood,Plasma,human,.,10,Avelumab,147000,24.29,hr,192.92,ug/mL,.,.,IV 1hr Infusion,.,.,70,170,.,17
Chen 2024 Fig 1,.,Venous Blood,Plasma,human,.,10,Avelumab,147000,37.65,hr,152.51,ug/mL,.,.,IV 1hr Infusion,.,.,70,170,.,17
Chen 2024 Fig 1,.,Venous Blood,Plasma,human,.,10,Avelumab,147000,49.33,hr,146.13,ug/mL,.,.,IV 1hr Infusion,.,.,70,170,.,17
Chen 2024 Fig 1,.,Venous Blood,Plasma,human,.,10,Avelumab,147000,169.04,hr,60.84,ug/mL,.,.,IV 1hr Infusion,.,.,70,170,.,17
Chen 2024 Fig 1,.,Venous Blood,Plasma,human,.,10,Avelumab,147000,337.65,hr,23.76,ug/mL,.,.,IV 1hr Infusion,.,.,70,170,.,17
Chen 2024 Fig 1,.,Venous Blood,Plasma,human,.,20,Avelumab,147000,2.87,hr,515.58,ug/mL,.,.,IV 1hr Infusion,.,.,70,170,.,18
Chen 2024 Fig 1,.,Venous Blood,Plasma,human,.,20,Avelumab,147000,5.43,hr,434.56,ug/mL,.,.,IV 1hr Infusion,.,.,70,170,.,18
Chen 2024 Fig 1,.,Venous Blood,Plasma,human,.,20,Avelumab,147000,11.89,hr,366.27,ug/mL,.,.,IV 1hr Infusion,.,.,70,170,.,18
Chen 2024 Fig 1,.,Venous Blood,Plasma,human,.,20,Avelumab,147000,23.98,hr,322.2,ug/mL,.,.,IV 1hr Infusion,.,.,70,170,.,18
Chen 2024 Fig 1,.,Venous Blood,Plasma,human,.,20,Avelumab,147000,37.77,hr,249.32,ug/mL,.,.,IV 1hr Infusion,.,.,70,170,.,18
Chen 2024 Fig 1,.,Venous Blood,Plasma,human,.,20,Avelumab,147000,47.72,hr,238.89,ug/mL,.,.,IV 1hr Infusion,.,.,70,170,.,18
Chen 2024 Fig 1,.,Venous Blood,Plasma,human,.,20,Avelumab,147000,170.06,hr,118.01,ug/mL,.,.,IV 1hr Infusion,.,.,70,170,.,18
Chen 2024 Fig 1,.,Venous Blood,Plasma,human,.,20,Avelumab,147000,337.38,hr,47.08,ug/mL,.,.,IV 1hr Infusion,.,.,70,170,.,18
Chen 2024 Supp Fig 1,.,Venous Blood,Plasma,NHP,.,5,Avelumab,147000,1.85,hr,102.19,ug/mL,.,.,IV Bolus,.,.,5,45,.,14
Chen 2024 Supp Fig 1,.,Venous Blood,Plasma,NHP,.,5,Avelumab,147000,7.34,hr,77.91,ug/mL,.,.,IV Bolus,.,.,5,45,.,14
Chen 2024 Supp Fig 1,.,Venous Blood,Plasma,NHP,.,5,Avelumab,147000,23.83,hr,37.15,ug/mL,.,.,IV Bolus,.,.,5,45,.,14
Chen 2024 Supp Fig 1,.,Venous Blood,Plasma,NHP,.,5,Avelumab,147000,48.8,hr,26.62,ug/mL,.,.,IV Bolus,.,.,5,45,.,14
Chen 2024 Supp Fig 1,.,Venous Blood,Plasma,NHP,.,5,Avelumab,147000,73.77,hr,17.37,ug/mL,.,.,IV Bolus,.,.,5,45,.,14
Chen 2024 Supp Fig 1,.,Venous Blood,Plasma,NHP,.,5,Avelumab,147000,95.25,hr,12.45,ug/mL,.,.,IV Bolus,.,.,5,45,.,14
Chen 2024 Supp Fig 1,.,Venous Blood,Plasma,NHP,.,5,Avelumab,147000,120.24,hr,9.7,ug/mL,.,.,IV Bolus,.,.,5,45,.,14
Chen 2024 Supp Fig 1,.,Venous Blood,Plasma,NHP,.,5,Avelumab,147000,144.93,hr,7.25,ug/mL,.,.,IV Bolus,.,.,5,45,.,14
Chen 2024 Supp Fig 1,.,Venous Blood,Plasma,NHP,.,5,Avelumab,147000,169.04,hr,5.65,ug/mL,.,.,IV Bolus,.,.,5,45,.,14
Chen 2024 Supp Fig 1,.,Venous Blood,Plasma,NHP,.,5,Avelumab,147000,198.09,hr,3.84,ug/mL,.,.,IV Bolus,.,.,5,45,.,14
Chen 2024 Supp Fig 1,.,Venous Blood,Plasma,NHP,.,5,Avelumab,147000,240.5,hr,2.51,ug/mL,.,.,IV Bolus,.,.,5,45,.,14
Halpern 2006 Fig 1,.,Venous Blood,Plasma,NHP,.,150,Belimumab,147000,0,hr,3789.8,ug/mL,.,.,IV,.,.,5,45,.,39
Halpern 2006 Fig 1,.,Venous Blood,Plasma,NHP,.,150,Belimumab,147000,0.48,hr,2836.81,ug/mL,.,.,IV,.,.,5,45,.,39
Halpern 2006 Fig 1,.,Venous Blood,Plasma,NHP,.,150,Belimumab,147000,0.96,hr,2454.35,ug/mL,.,.,IV,.,.,5,45,.,39
Halpern 2006 Fig 1,.,Venous Blood,Plasma,NHP,.,150,Belimumab,147000,3.6,hr,2123.46,ug/mL,.,.,IV,.,.,5,45,.,39
Halpern 2006 Fig 1,.,Venous Blood,Plasma,NHP,.,150,Belimumab,147000,6.72,hr,1636.2,ug/mL,.,.,IV,.,.,5,45,.,39
Halpern 2006 Fig 1,.,Venous Blood,Plasma,NHP,.,150,Belimumab,147000,13.68,hr,1189.79,ug/mL,.,.,IV,.,.,5,45,.,39
Halpern 2006 Fig 1,.,Venous Blood,Plasma,NHP,.,150,Belimumab,147000,24,hr,903.6,ug/mL,.,.,IV,.,.,5,45,.,39
Halpern 2006 Fig 1,.,Venous Blood,Plasma,NHP,.,150,Belimumab,147000,48,hr,484.77,ug/mL,.,.,IV,.,.,5,45,.,39
Halpern 2006 Fig 1,.,Venous Blood,Plasma,NHP,.,150,Belimumab,147000,72,hr,292.02,ug/mL,.,.,IV,.,.,5,45,.,39
Halpern 2006 Fig 1,.,Venous Blood,Plasma,NHP,.,150,Belimumab,147000,96,hr,203.32,ug/mL,.,.,IV,.,.,5,45,.,39
Halpern 2006 Fig 1,.,Venous Blood,Plasma,NHP,.,150,Belimumab,147000,120.24,hr,131.67,ug/mL,.,.,IV,.,.,5,45,.,39
Halpern 2006 Fig 1,.,Venous Blood,Plasma,NHP,.,150,Belimumab,147000,168,hr,59.37,ug/mL,.,.,IV,.,.,5,45,.,39
Halpern 2006 Fig 1,.,Venous Blood,Plasma,NHP,.,150,Belimumab,147000,216.24,hr,20.33,ug/mL,.,.,IV,.,.,5,45,.,39
Halpern 2006 Fig 1,.,Venous Blood,Plasma,NHP,.,50,Belimumab,147000,0,hr,1260.75,ug/mL,.,.,IV,.,.,5,45,.,40
Halpern 2006 Fig 1,.,Venous Blood,Plasma,NHP,.,50,Belimumab,147000,0.48,hr,865.18,ug/mL,.,.,IV,.,.,5,45,.,40
Halpern 2006 Fig 1,.,Venous Blood,Plasma,NHP,.,50,Belimumab,147000,0.96,hr,737.78,ug/mL,.,.,IV,.,.,5,45,.,40
Halpern 2006 Fig 1,.,Venous Blood,Plasma,NHP,.,50,Belimumab,147000,3.12,hr,585.19,ug/mL,.,.,IV,.,.,5,45,.,40
Halpern 2006 Fig 1,.,Venous Blood,Plasma,NHP,.,50,Belimumab,147000,6.48,hr,477.8,ug/mL,.,.,IV,.,.,5,45,.,40
Halpern 2006 Fig 1,.,Venous Blood,Plasma,NHP,.,50,Belimumab,147000,13.68,hr,413.38,ug/mL,.,.,IV,.,.,5,45,.,40
Halpern 2006 Fig 1,.,Venous Blood,Plasma,NHP,.,50,Belimumab,147000,24,hr,279.6,ug/mL,.,.,IV,.,.,5,45,.,40
Halpern 2006 Fig 1,.,Venous Blood,Plasma,NHP,.,50,Belimumab,147000,47.76,hr,181.08,ug/mL,.,.,IV,.,.,5,45,.,40
Halpern 2006 Fig 1,.,Venous Blood,Plasma,NHP,.,50,Belimumab,147000,72,hr,122.48,ug/mL,.,.,IV,.,.,5,45,.,40
Halpern 2006 Fig 1,.,Venous Blood,Plasma,NHP,.,50,Belimumab,147000,96,hr,94.37,ug/mL,.,.,IV,.,.,5,45,.,40
Halpern 2006 Fig 1,.,Venous Blood,Plasma,NHP,.,50,Belimumab,147000,120.24,hr,69.63,ug/mL,.,.,IV,.,.,5,45,.,40
Halpern 2006 Fig 1,.,Venous Blood,Plasma,NHP,.,50,Belimumab,147000,168.24,hr,32.32,ug/mL,.,.,IV,.,.,5,45,.,40
Halpern 2006 Fig 1,.,Venous Blood,Plasma,NHP,.,5,Belimumab,147000,0,hr,109.08,ug/mL,.,.,IV,.,.,5,45,.,41
Halpern 2006 Fig 1,.,Venous Blood,Plasma,NHP,.,5,Belimumab,147000,0.24,hr,81.65,ug/mL,.,.,IV,.,.,5,45,.,41
Halpern 2006 Fig 1,.,Venous Blood,Plasma,NHP,.,5,Belimumab,147000,0.96,hr,79.32,ug/mL,.,.,IV,.,.,5,45,.,41
Halpern 2006 Fig 1,.,Venous Blood,Plasma,NHP,.,5,Belimumab,147000,3.36,hr,64.76,ug/mL,.,.,IV,.,.,5,45,.,41
Halpern 2006 Fig 1,.,Venous Blood,Plasma,NHP,.,5,Belimumab,147000,6.72,hr,50.63,ug/mL,.,.,IV,.,.,5,45,.,41
Halpern 2006 Fig 1,.,Venous Blood,Plasma,NHP,.,5,Belimumab,147000,13.68,hr,39.01,ug/mL,.,.,IV,.,.,5,45,.,41
Halpern 2006 Fig 1,.,Venous Blood,Plasma,NHP,.,5,Belimumab,147000,24,hr,31.85,ug/mL,.,.,IV,.,.,5,45,.,41
Halpern 2006 Fig 1,.,Venous Blood,Plasma,NHP,.,5,Belimumab,147000,48,hr,20.93,ug/mL,.,.,IV,.,.,5,45,.,41
Halpern 2006 Fig 1,.,Venous Blood,Plasma,NHP,.,5,Belimumab,147000,72,hr,15.89,ug/mL,.,.,IV,.,.,5,45,.,41
Halpern 2006 Fig 1,.,Venous Blood,Plasma,NHP,.,5,Belimumab,147000,96,hr,8.53,ug/mL,.,.,IV,.,.,5,45,.,41
Halpern 2006 Fig 1,.,Venous Blood,Plasma,NHP,.,5,Belimumab,147000,120.24,hr,5.68,ug/mL,.,.,IV,.,.,5,45,.,41
Halpern 2006 Fig 1,.,Venous Blood,Plasma,NHP,.,5,Belimumab,147000,168,hr,2.35,ug/mL,.,.,IV,.,.,5,45,.,41
Pasquiers 2023 Fig 3a,.,Venous Blood,Plasma,NHP,.,4,Bevacizumab,150000,0,hr,120.59,ug/mL,.,.,IV,.,.,5,45,.,38
Pasquiers 2023 Fig 3a,.,Venous Blood,Plasma,NHP,.,4,Bevacizumab,150000,3,hr,94.91,ug/mL,.,.,IV,.,.,5,45,.,38
Pasquiers 2023 Fig 3a,.,Venous Blood,Plasma,NHP,.,4,Bevacizumab,150000,5.02,hr,78.64,ug/mL,.,.,IV,.,.,5,45,.,38
Pasquiers 2023 Fig 3a,.,Venous Blood,Plasma,NHP,.,4,Bevacizumab,150000,12.55,hr,67.42,ug/mL,.,.,IV,.,.,5,45,.,38
Pasquiers 2023 Fig 3a,.,Venous Blood,Plasma,NHP,.,4,Bevacizumab,150000,22.58,hr,60.84,ug/mL,.,.,IV,.,.,5,45,.,38
Pasquiers 2023 Fig 3a,.,Venous Blood,Plasma,NHP,.,4,Bevacizumab,150000,35.13,hr,53.97,ug/mL,.,.,IV,.,.,5,45,.,38
Pasquiers 2023 Fig 3a,.,Venous Blood,Plasma,NHP,.,4,Bevacizumab,150000,47.68,hr,48.7,ug/mL,.,.,IV,.,.,5,45,.,38
Pasquiers 2023 Fig 3a,.,Venous Blood,Plasma,NHP,.,4,Bevacizumab,150000,65.24,hr,44.71,ug/mL,.,.,IV,.,.,5,45,.,38
Pasquiers 2023 Fig 3a,.,Venous Blood,Plasma,NHP,.,4,Bevacizumab,150000,72.77,hr,41.75,ug/mL,.,.,IV,.,.,5,45,.,38
Pasquiers 2023 Fig 3a,.,Venous Blood,Plasma,NHP,.,4,Bevacizumab,150000,85.32,hr,40.34,ug/mL,.,.,IV,.,.,5,45,.,38
Pasquiers 2023 Fig 3a,.,Venous Blood,Plasma,NHP,.,4,Bevacizumab,150000,97.87,hr,37.67,ug/mL,.,.,IV,.,.,5,45,.,38
Pasquiers 2023 Fig 3a,.,Venous Blood,Plasma,NHP,.,4,Bevacizumab,150000,107.9,hr,35.18,ug/mL,.,.,IV,.,.,5,45,.,38
Pasquiers 2023 Fig 3a,.,Venous Blood,Plasma,NHP,.,4,Bevacizumab,150000,115.43,hr,33.99,ug/mL,.,.,IV,.,.,5,45,.,38
Pasquiers 2023 Fig 3a,.,Venous Blood,Plasma,NHP,.,4,Bevacizumab,150000,130.49,hr,31.2,ug/mL,.,.,IV,.,.,5,45,.,38
Pasquiers 2023 Fig 3a,.,Venous Blood,Plasma,NHP,.,4,Bevacizumab,150000,150.56,hr,29.64,ug/mL,.,.,IV,.,.,5,45,.,38
Pasquiers 2023 Fig 3a,.,Venous Blood,Plasma,NHP,.,4,Bevacizumab,150000,165.62,hr,28.15,ug/mL,.,.,IV,.,.,5,45,.,38
Pasquiers 2023 Fig 3a,.,Venous Blood,Plasma,NHP,.,4,Bevacizumab,150000,178.17,hr,27.2,ug/mL,.,.,IV,.,.,5,45,.,38
Pasquiers 2023 Fig 3a,.,Venous Blood,Plasma,NHP,.,4,Bevacizumab,150000,240.9,hr,26.73,ug/mL,.,.,IV,.,.,5,45,.,38
Pasquiers 2023 Fig 3a,.,Venous Blood,Plasma,NHP,.,4,Bevacizumab,150000,341.28,hr,20.31,ug/mL,.,.,IV,.,.,5,45,.,38
Pasquiers 2023 Fig 3a,.,Venous Blood,Plasma,NHP,.,4,Bevacizumab,150000,414.05,hr,16.53,ug/mL,.,.,IV,.,.,5,45,.,38
Pasquiers 2023 Fig 3a,.,Venous Blood,Plasma,NHP,.,4,Bevacizumab,150000,501.88,hr,11.94,ug/mL,.,.,IV,.,.,5,45,.,38
Pasquiers 2023 Fig 3a,.,Venous Blood,Plasma,NHP,.,4,Bevacizumab,150000,672.52,hr,7.64,ug/mL,.,.,IV,.,.,5,45,.,38
Pasquiers 2023 Fig 3a,.,Venous Blood,Plasma,NHP,.,4,Bevacizumab,150000,840.65,hr,6.01,ug/mL,.,.,IV,.,.,5,45,.,38
Pasquiers 2023 Fig 3a,.,Venous Blood,Plasma,NHP,.,4,Bevacizumab,150000,1008.78,hr,3.59,ug/mL,.,.,IV,.,.,5,45,.,38
Pasquiers 2023 Fig 3a,.,Venous Blood,Plasma,NHP,.,4,Bevacizumab,150000,1179.42,hr,2.18,ug/mL,.,.,IV,.,.,5,45,.,38
Pasquiers 2023 Fig 3a,.,Venous Blood,Plasma,NHP,.,4,Bevacizumab,150000,1342.53,hr,1.28,ug/mL,.,.,IV,.,.,5,45,.,38
Pasquiers 2023 Fig 3a,.,Venous Blood,Plasma,NHP,.,4,Bevacizumab,150000,1513.17,hr,0.64,ug/mL,.,.,IV,.,.,5,45,.,38
Pasquiers 2023 Fig 3a,.,Venous Blood,Plasma,NHP,.,4,Bevacizumab,150000,1683.81,hr,0.39,ug/mL,.,.,IV,.,.,5,45,.,38
Pasquiers 2023 Fig 3a,.,Venous Blood,Plasma,NHP,.,4,Bevacizumab,150000,1851.94,hr,0.2,ug/mL,.,.,IV,.,.,5,45,.,38
Pasquiers 2023 Fig 3a,.,Venous Blood,Plasma,NHP,.,4,Bevacizumab,150000,2138.02,hr,0.1,ug/mL,.,.,IV,.,.,5,45,.,38
Tajiri 2024 Fig 1,.,Venous Blood,Plasma,NHP,.,5,Bevacizumab,149000,0.48,hr,100,ug/mL,.,.,IV,.,.,0.35,.,.,68
Tajiri 2024 Fig 1,.,Venous Blood,Plasma,NHP,.,5,Bevacizumab,149000,3.36,hr,88.07,ug/mL,.,.,IV,.,.,0.35,.,.,68
Tajiri 2024 Fig 1,.,Venous Blood,Plasma,NHP,.,5,Bevacizumab,149000,8.88,hr,73.97,ug/mL,.,.,IV,.,.,0.35,.,.,68
Tajiri 2024 Fig 1,.,Venous Blood,Plasma,NHP,.,5,Bevacizumab,149000,26.88,hr,50.54,ug/mL,.,.,IV,.,.,0.35,.,.,68
Tajiri 2024 Fig 1,.,Venous Blood,Plasma,NHP,.,5,Bevacizumab,149000,49.2,hr,39.22,ug/mL,.,.,IV,.,.,0.35,.,.,68
Tajiri 2024 Fig 1,.,Venous Blood,Plasma,NHP,.,5,Bevacizumab,149000,97.68,hr,25.97,ug/mL,.,.,IV,.,.,0.35,.,.,68
Tajiri 2024 Fig 1,.,Venous Blood,Plasma,NHP,.,5,Bevacizumab,149000,169.92,hr,16.41,ug/mL,.,.,IV,.,.,0.35,.,.,68
Tajiri 2024 Fig 1,.,Venous Blood,Plasma,NHP,.,5,Bevacizumab,149000,264.24,hr,7.55,ug/mL,.,.,IV,.,.,0.35,.,.,68
Tajiri 2024 Fig 1,.,Venous Blood,Plasma,NHP,.,5,Bevacizumab,149000,384.96,hr,3.21,ug/mL,.,.,IV,.,.,0.35,.,.,68
Tajiri 2024 Fig 1,.,Venous Blood,Plasma,NHP,.,5,Canakinumab,145157,3.6,hr,128.93,ug/mL,.,.,IV,.,.,0.35,.,.,69
Tajiri 2024 Fig 1,.,Venous Blood,Plasma,NHP,.,5,Canakinumab,145157,9.12,hr,96.89,ug/mL,.,.,IV,.,.,0.35,.,.,69
Tajiri 2024 Fig 1,.,Venous Blood,Plasma,NHP,.,5,Canakinumab,145157,21.36,hr,75.17,ug/mL,.,.,IV,.,.,0.35,.,.,69
Tajiri 2024 Fig 1,.,Venous Blood,Plasma,NHP,.,5,Canakinumab,145157,50.64,hr,57.41,ug/mL,.,.,IV,.,.,0.35,.,.,69
Tajiri 2024 Fig 1,.,Venous Blood,Plasma,NHP,.,5,Canakinumab,145157,71.28,hr,41.14,ug/mL,.,.,IV,.,.,0.35,.,.,69
Tajiri 2024 Fig 1,.,Venous Blood,Plasma,NHP,.,5,Canakinumab,145157,95.04,hr,35.68,ug/mL,.,.,IV,.,.,0.35,.,.,69
Tajiri 2024 Fig 1,.,Venous Blood,Plasma,NHP,.,5,Canakinumab,145157,120,hr,31.44,ug/mL,.,.,IV,.,.,0.35,.,.,69
Tajiri 2024 Fig 1,.,Venous Blood,Plasma,NHP,.,5,Canakinumab,145157,192.24,hr,17.49,ug/mL,.,.,IV,.,.,0.35,.,.,69
Tajiri 2024 Fig 1,.,Venous Blood,Plasma,NHP,.,5,Canakinumab,145157,263.04,hr,11.96,ug/mL,.,.,IV,.,.,0.35,.,.,69
Tajiri 2024 Fig 1,.,Venous Blood,Plasma,NHP,.,5,Canakinumab,145157,333.84,hr,6.98,ug/mL,.,.,IV,.,.,0.35,.,.,69
Tajiri 2024 Fig 1,.,Venous Blood,Plasma,NHP,.,5,Canakinumab,145157,503.28,hr,2.23,ug/mL,.,.,IV,.,.,0.35,.,.,69
Tajiri 2024 Fig 1,.,Venous Blood,Plasma,NHP,.,5,Canakinumab,145157,669.84,hr,0.93,ug/mL,.,.,IV,.,.,0.35,.,.,69
Tajiri 2024 Fig 1,.,Venous Blood,Plasma,NHP,.,5,Canakinumab,145157,937.92,hr,0.16,ug/mL,.,.,IV,.,.,0.35,.,.,69
Bauer 1999 Fig 4,.,Venous Blood,Plasma,NHP,.,8,Efalizumab,150000,1.92,hr,154.53,ug/mL,.,.,IV,.,.,5,45,.,59
Bauer 1999 Fig 4,.,Venous Blood,Plasma,NHP,.,8,Efalizumab,150000,5.52,hr,116.7,ug/mL,.,.,IV,.,.,5,45,.,59
Bauer 1999 Fig 4,.,Venous Blood,Plasma,NHP,.,8,Efalizumab,150000,11.28,hr,101.41,ug/mL,.,.,IV,.,.,5,45,.,59
Bauer 1999 Fig 4,.,Venous Blood,Plasma,NHP,.,8,Efalizumab,150000,24.24,hr,70.4,ug/mL,.,.,IV,.,.,5,45,.,59
Bauer 1999 Fig 4,.,Venous Blood,Plasma,NHP,.,8,Efalizumab,150000,24.24,hr,58.65,ug/mL,.,.,IV,.,.,5,45,.,59
Bauer 1999 Fig 4,.,Venous Blood,Plasma,NHP,.,8,Efalizumab,150000,52.08,hr,59.48,ug/mL,.,.,IV,.,.,5,45,.,59
Bauer 1999 Fig 4,.,Venous Blood,Plasma,NHP,.,8,Efalizumab,150000,96.96,hr,50.26,ug/mL,.,.,IV,.,.,5,45,.,59
Bauer 1999 Fig 4,.,Venous Blood,Plasma,NHP,.,8,Efalizumab,150000,98.88,hr,43.68,ug/mL,.,.,IV,.,.,5,45,.,59
Bauer 1999 Fig 4,.,Venous Blood,Plasma,NHP,.,8,Efalizumab,150000,143.52,hr,41.87,ug/mL,.,.,IV,.,.,5,45,.,59
Bauer 1999 Fig 4,.,Venous Blood,Plasma,NHP,.,8,Efalizumab,150000,147.36,hr,37.43,ug/mL,.,.,IV,.,.,5,45,.,59
Bauer 1999 Fig 4,.,Venous Blood,Plasma,NHP,.,8,Efalizumab,150000,218.16,hr,35.88,ug/mL,.,.,IV,.,.,5,45,.,59
Bauer 1999 Fig 4,.,Venous Blood,Plasma,NHP,.,8,Efalizumab,150000,218.16,hr,26.35,ug/mL,.,.,IV,.,.,5,45,.,59
Bauer 1999 Fig 4,.,Venous Blood,Plasma,NHP,.,8,Efalizumab,150000,315.12,hr,27.87,ug/mL,.,.,IV,.,.,5,45,.,59
Bauer 1999 Fig 4,.,Venous Blood,Plasma,NHP,.,8,Efalizumab,150000,311.28,hr,26.72,ug/mL,.,.,IV,.,.,5,45,.,59
Bauer 1999 Fig 4,.,Venous Blood,Plasma,NHP,.,8,Efalizumab,150000,322.56,hr,22.58,ug/mL,.,.,IV,.,.,5,45,.,59
Bauer 1999 Fig 4,.,Venous Blood,Plasma,NHP,.,8,Efalizumab,150000,648.72,hr,13.24,ug/mL,.,.,IV,.,.,5,45,.,59
Bauer 1999 Fig 4,.,Venous Blood,Plasma,NHP,.,8,Efalizumab,150000,648.72,hr,10.88,ug/mL,.,.,IV,.,.,5,45,.,59
Bauer 1999 Fig 4,.,Venous Blood,Plasma,NHP,.,8,Efalizumab,150000,818.4,hr,7.04,ug/mL,.,.,IV,.,.,5,45,.,59
Bauer 1999 Fig 4,.,Venous Blood,Plasma,NHP,.,8,Efalizumab,150000,820.08,hr,3.9,ug/mL,.,.,IV,.,.,5,45,.,59
Bauer 1999 Fig 4,.,Venous Blood,Plasma,NHP,.,8,Efalizumab,150000,988.08,hr,2.56,ug/mL,.,.,IV,.,.,5,45,.,59
Bauer 1999 Fig 4,.,Venous Blood,Plasma,NHP,.,8,Efalizumab,150000,988.08,hr,1.85,ug/mL,.,.,IV,.,.,5,45,.,59
Bauer 1999 Fig 4,.,Venous Blood,Plasma,NHP,.,8,Efalizumab,150000,1153.92,hr,0.79,ug/mL,.,.,IV,.,.,5,45,.,59
Bauer 1999 Fig 4,.,Venous Blood,Plasma,NHP,.,8,Efalizumab,150000,1153.92,hr,0.44,ug/mL,.,.,IV,.,.,5,45,.,59
Seth 2025 Fig 7a,.,Venous Blood,Plasma,NHP,.,0.2,Nipocalimab,142000,0.66,hr,0.02,ug/mL,.,.,IV,.,.,5,45,.,42
Seth 2025 Fig 7a,.,Venous Blood,Plasma,NHP,.,0.2,Nipocalimab,142000,7.47,hr,0.02,ug/mL,.,.,IV,.,.,5,45,.,42
Seth 2025 Fig 7a,.,Venous Blood,Plasma,NHP,.,0.2,Nipocalimab,142000,24.14,hr,0.02,ug/mL,.,.,IV,.,.,5,45,.,42
Seth 2025 Fig 7a,.,Venous Blood,Plasma,NHP,.,0.2,Nipocalimab,142000,47.96,hr,0.02,ug/mL,.,.,IV,.,.,5,45,.,42
Seth 2025 Fig 7a,.,Venous Blood,Plasma,NHP,.,0.2,Nipocalimab,142000,95.6,hr,0.02,ug/mL,.,.,IV,.,.,5,45,.,42
Seth 2025 Fig 7a,.,Venous Blood,Plasma,NHP,.,0.2,Nipocalimab,142000,144.26,hr,0.02,ug/mL,.,.,IV,.,.,5,45,.,42
Seth 2025 Fig 7a,.,Venous Blood,Plasma,NHP,.,0.2,Nipocalimab,142000,191.9,hr,0.03,ug/mL,.,.,IV,.,.,5,45,.,42
Seth 2025 Fig 7a,.,Venous Blood,Plasma,NHP,.,0.2,Nipocalimab,142000,288.2,hr,0.02,ug/mL,.,.,IV,.,.,5,45,.,42
Seth 2025 Fig 7a,.,Venous Blood,Plasma,NHP,.,0.2,Nipocalimab,142000,360,hr,0.02,ug/mL,.,.,IV,.,.,5,45,.,42
Seth 2025 Fig 7a,.,Venous Blood,Plasma,NHP,.,2,Nipocalimab,142000,0.66,hr,35.65,ug/mL,.,.,IV,.,.,5,45,.,43
Seth 2025 Fig 7a,.,Venous Blood,Plasma,NHP,.,2,Nipocalimab,142000,7.81,hr,20.38,ug/mL,.,.,IV,.,.,5,45,.,43
Seth 2025 Fig 7a,.,Venous Blood,Plasma,NHP,.,2,Nipocalimab,142000,23.8,hr,0.74,ug/mL,.,.,IV,.,.,5,45,.,43
Seth 2025 Fig 7a,.,Venous Blood,Plasma,NHP,.,2,Nipocalimab,142000,47.96,hr,0.02,ug/mL,.,.,IV,.,.,5,45,.,43
Seth 2025 Fig 7a,.,Venous Blood,Plasma,NHP,.,2,Nipocalimab,142000,95.6,hr,0.02,ug/mL,.,.,IV,.,.,5,45,.,43
Seth 2025 Fig 7a,.,Venous Blood,Plasma,NHP,.,2,Nipocalimab,142000,143.92,hr,0.02,ug/mL,.,.,IV,.,.,5,45,.,43
Seth 2025 Fig 7a,.,Venous Blood,Plasma,NHP,.,2,Nipocalimab,142000,191.9,hr,0.02,ug/mL,.,.,IV,.,.,5,45,.,43
Seth 2025 Fig 7a,.,Venous Blood,Plasma,NHP,.,2,Nipocalimab,142000,287.86,hr,0.03,ug/mL,.,.,IV,.,.,5,45,.,43
Seth 2025 Fig 7a,.,Venous Blood,Plasma,NHP,.,2,Nipocalimab,142000,360.34,hr,0.03,ug/mL,.,.,IV,.,.,5,45,.,43
Seth 2025 Fig 7a,.,Venous Blood,Plasma,NHP,.,20,Nipocalimab,142000,0.66,hr,451.66,ug/mL,.,.,IV,.,.,5,45,.,44
Seth 2025 Fig 7a,.,Venous Blood,Plasma,NHP,.,20,Nipocalimab,142000,7.81,hr,320.23,ug/mL,.,.,IV,.,.,5,45,.,44
Seth 2025 Fig 7a,.,Venous Blood,Plasma,NHP,.,20,Nipocalimab,142000,23.8,hr,217.6,ug/mL,.,.,IV,.,.,5,45,.,44
Seth 2025 Fig 7a,.,Venous Blood,Plasma,NHP,.,20,Nipocalimab,142000,47.96,hr,104.84,ug/mL,.,.,IV,.,.,5,45,.,44
Seth 2025 Fig 7a,.,Venous Blood,Plasma,NHP,.,20,Nipocalimab,142000,95.94,hr,15.16,ug/mL,.,.,IV,.,.,5,45,.,44
Seth 2025 Fig 7a,.,Venous Blood,Plasma,NHP,.,20,Nipocalimab,142000,143.58,hr,0.02,ug/mL,.,.,IV,.,.,5,45,.,44
Seth 2025 Fig 7a,.,Venous Blood,Plasma,NHP,.,20,Nipocalimab,142000,192.58,hr,0.02,ug/mL,.,.,IV,.,.,5,45,.,44
Seth 2025 Fig 7a,.,Venous Blood,Plasma,NHP,.,20,Nipocalimab,142000,287.86,hr,0.02,ug/mL,.,.,IV,.,.,5,45,.,44
Seth 2025 Fig 7a,.,Venous Blood,Plasma,NHP,.,20,Nipocalimab,142000,360.34,hr,0.03,ug/mL,.,.,IV,.,.,5,45,.,44
Seth 2025 Fig 7a,.,Venous Blood,Plasma,NHP,.,50,Nipocalimab,142000,1,hr,1023.19,ug/mL,.,.,IV,.,.,5,45,.,45
Seth 2025 Fig 7a,.,Venous Blood,Plasma,NHP,.,50,Nipocalimab,142000,7.81,hr,773.82,ug/mL,.,.,IV,.,.,5,45,.,45
Seth 2025 Fig 7a,.,Venous Blood,Plasma,NHP,.,50,Nipocalimab,142000,24.14,hr,525.82,ug/mL,.,.,IV,.,.,5,45,.,45
Seth 2025 Fig 7a,.,Venous Blood,Plasma,NHP,.,50,Nipocalimab,142000,48.3,hr,321.01,ug/mL,.,.,IV,.,.,5,45,.,45
Seth 2025 Fig 7a,.,Venous Blood,Plasma,NHP,.,50,Nipocalimab,142000,96.28,hr,133.23,ug/mL,.,.,IV,.,.,5,45,.,45
Seth 2025 Fig 7a,.,Venous Blood,Plasma,NHP,.,50,Nipocalimab,142000,144.26,hr,28.38,ug/mL,.,.,IV,.,.,5,45,.,45
Seth 2025 Fig 7a,.,Venous Blood,Plasma,NHP,.,50,Nipocalimab,142000,191.9,hr,0.04,ug/mL,.,.,IV,.,.,5,45,.,45
Seth 2025 Fig 7a,.,Venous Blood,Plasma,NHP,.,50,Nipocalimab,142000,288.54,hr,0.03,ug/mL,.,.,IV,.,.,5,45,.,45
Seth 2025 Fig 7a,.,Venous Blood,Plasma,NHP,.,50,Nipocalimab,142000,360.68,hr,0.02,ug/mL,.,.,IV,.,.,5,45,.,45
Seth 2025 Fig 7a,.,Venous Blood,Plasma,NHP,.,100,Nipocalimab,142000,0.66,hr,1909.75,ug/mL,.,.,IV,.,.,5,45,.,46
Seth 2025 Fig 7a,.,Venous Blood,Plasma,NHP,.,100,Nipocalimab,142000,7.47,hr,1383.46,ug/mL,.,.,IV,.,.,5,45,.,46
Seth 2025 Fig 7a,.,Venous Blood,Plasma,NHP,.,100,Nipocalimab,142000,24.14,hr,960.55,ug/mL,.,.,IV,.,.,5,45,.,46
Seth 2025 Fig 7a,.,Venous Blood,Plasma,NHP,.,100,Nipocalimab,142000,47.96,hr,625.5,ug/mL,.,.,IV,.,.,5,45,.,46
Seth 2025 Fig 7a,.,Venous Blood,Plasma,NHP,.,100,Nipocalimab,142000,95.6,hr,308.36,ug/mL,.,.,IV,.,.,5,45,.,46
Seth 2025 Fig 7a,.,Venous Blood,Plasma,NHP,.,100,Nipocalimab,142000,144.26,hr,169.29,ug/mL,.,.,IV,.,.,5,45,.,46
Seth 2025 Fig 7a,.,Venous Blood,Plasma,NHP,.,100,Nipocalimab,142000,191.9,hr,43.76,ug/mL,.,.,IV,.,.,5,45,.,46
Seth 2025 Fig 7a,.,Venous Blood,Plasma,NHP,.,100,Nipocalimab,142000,287.86,hr,0.03,ug/mL,.,.,IV,.,.,5,45,.,46
Seth 2025 Fig 7a,.,Venous Blood,Plasma,NHP,.,100,Nipocalimab,142000,360.34,hr,0.02,ug/mL,.,.,IV,.,.,5,45,.,46
Chen 2024 Fig 1,.,Venous Blood,Plasma,human,.,1,Nivolumab,146000,2.27,hr,24.68,ug/mL,.,.,IV 1hr Infusion,.,.,70,170,.,26
Chen 2024 Fig 1,.,Venous Blood,Plasma,human,.,1,Nivolumab,146000,8.43,hr,22.29,ug/mL,.,.,IV 1hr Infusion,.,.,70,170,.,26
Chen 2024 Fig 1,.,Venous Blood,Plasma,human,.,1,Nivolumab,146000,24.82,hr,20.18,ug/mL,.,.,IV 1hr Infusion,.,.,70,170,.,26
Chen 2024 Fig 1,.,Venous Blood,Plasma,human,.,1,Nivolumab,146000,48.61,hr,15.41,ug/mL,.,.,IV 1hr Infusion,.,.,70,170,.,26
Chen 2024 Fig 1,.,Venous Blood,Plasma,human,.,1,Nivolumab,146000,73.62,hr,12.82,ug/mL,.,.,IV 1hr Infusion,.,.,70,170,.,26
Chen 2024 Fig 1,.,Venous Blood,Plasma,human,.,1,Nivolumab,146000,169.94,hr,10.82,ug/mL,.,.,IV 1hr Infusion,.,.,70,170,.,26
Chen 2024 Fig 1,.,Venous Blood,Plasma,human,.,1,Nivolumab,146000,336.76,hr,8.95,ug/mL,.,.,IV 1hr Infusion,.,.,70,170,.,26
Chen 2024 Fig 1,.,Venous Blood,Plasma,human,.,3,Nivolumab,146000,3.45,hr,56.2,ug/mL,.,.,IV 1hr Infusion,.,.,70,170,.,27
Chen 2024 Fig 1,.,Venous Blood,Plasma,human,.,3,Nivolumab,146000,8.79,hr,49.05,ug/mL,.,.,IV 1hr Infusion,.,.,70,170,.,27
Chen 2024 Fig 1,.,Venous Blood,Plasma,human,.,3,Nivolumab,146000,23.96,hr,43.63,ug/mL,.,.,IV 1hr Infusion,.,.,70,170,.,27
Chen 2024 Fig 1,.,Venous Blood,Plasma,human,.,3,Nivolumab,146000,48.15,hr,36.3,ug/mL,.,.,IV 1hr Infusion,.,.,70,170,.,27
Chen 2024 Fig 1,.,Venous Blood,Plasma,human,.,3,Nivolumab,146000,72.75,hr,32.36,ug/mL,.,.,IV 1hr Infusion,.,.,70,170,.,27
Chen 2024 Fig 1,.,Venous Blood,Plasma,human,.,3,Nivolumab,146000,168.25,hr,28.74,ug/mL,.,.,IV 1hr Infusion,.,.,70,170,.,27
Chen 2024 Fig 1,.,Venous Blood,Plasma,human,.,3,Nivolumab,146000,337.12,hr,20.03,ug/mL,.,.,IV 1hr Infusion,.,.,70,170,.,27
Chen 2024 Fig 1,.,Venous Blood,Plasma,human,.,4,Nivolumab,146000,1.39,hr,72.64,ug/mL,.,.,IV 1hr Infusion,.,.,70,170,.,28
Chen 2024 Fig 1,.,Venous Blood,Plasma,human,.,4,Nivolumab,146000,7.13,hr,70.27,ug/mL,.,.,IV 1hr Infusion,.,.,70,170,.,28
Chen 2024 Fig 1,.,Venous Blood,Plasma,human,.,4,Nivolumab,146000,23.94,hr,59.4,ug/mL,.,.,IV 1hr Infusion,.,.,70,170,.,28
Chen 2024 Fig 1,.,Venous Blood,Plasma,human,.,4,Nivolumab,146000,47.31,hr,52.03,ug/mL,.,.,IV 1hr Infusion,.,.,70,170,.,28
Chen 2024 Fig 1,.,Venous Blood,Plasma,human,.,4,Nivolumab,146000,96.09,hr,42.76,ug/mL,.,.,IV 1hr Infusion,.,.,70,170,.,28
Chen 2024 Fig 1,.,Venous Blood,Plasma,human,.,4,Nivolumab,146000,168.65,hr,34.71,ug/mL,.,.,IV 1hr Infusion,.,.,70,170,.,28
Chen 2024 Fig 1,.,Venous Blood,Plasma,human,.,4,Nivolumab,146000,335.88,hr,24.18,ug/mL,.,.,IV 1hr Infusion,.,.,70,170,.,28
Chen 2024 Fig 1,.,Venous Blood,Plasma,human,.,6,Nivolumab,146000,2.59,hr,113.46,ug/mL,.,.,IV 1hr Infusion,.,.,70,170,.,29
Chen 2024 Fig 1,.,Venous Blood,Plasma,human,.,6,Nivolumab,146000,6.7,hr,102.45,ug/mL,.,.,IV 1hr Infusion,.,.,70,170,.,29
Chen 2024 Fig 1,.,Venous Blood,Plasma,human,.,6,Nivolumab,146000,23.51,hr,83.68,ug/mL,.,.,IV 1hr Infusion,.,.,70,170,.,29
Chen 2024 Fig 1,.,Venous Blood,Plasma,human,.,6,Nivolumab,146000,46.47,hr,74.55,ug/mL,.,.,IV 1hr Infusion,.,.,70,170,.,29
Chen 2024 Fig 1,.,Venous Blood,Plasma,human,.,6,Nivolumab,146000,96.07,hr,61.29,ug/mL,.,.,IV 1hr Infusion,.,.,70,170,.,29
Chen 2024 Fig 1,.,Venous Blood,Plasma,human,.,6,Nivolumab,146000,168.62,hr,51.48,ug/mL,.,.,IV 1hr Infusion,.,.,70,170,.,29
Chen 2024 Fig 1,.,Venous Blood,Plasma,human,.,6,Nivolumab,146000,335.45,hr,36.48,ug/mL,.,.,IV 1hr Infusion,.,.,70,170,.,29
Chen 2024 Fig 1,.,Venous Blood,Plasma,human,.,10,Nivolumab,146000,2.56,hr,180.23,ug/mL,.,.,IV 1hr Infusion,.,.,70,170,.,30
Chen 2024 Fig 1,.,Venous Blood,Plasma,human,.,10,Nivolumab,146000,9.94,hr,168.53,ug/mL,.,.,IV 1hr Infusion,.,.,70,170,.,30
Chen 2024 Fig 1,.,Venous Blood,Plasma,human,.,10,Nivolumab,146000,25.11,hr,152.52,ug/mL,.,.,IV 1hr Infusion,.,.,70,170,.,30
Chen 2024 Fig 1,.,Venous Blood,Plasma,human,.,10,Nivolumab,146000,48.07,hr,131.3,ug/mL,.,.,IV 1hr Infusion,.,.,70,170,.,30
Chen 2024 Fig 1,.,Venous Blood,Plasma,human,.,10,Nivolumab,146000,72.67,hr,117.02,ug/mL,.,.,IV 1hr Infusion,.,.,70,170,.,30
Chen 2024 Fig 1,.,Venous Blood,Plasma,human,.,10,Nivolumab,146000,169.41,hr,93.81,ug/mL,.,.,IV 1hr Infusion,.,.,70,170,.,30
Chen 2024 Fig 1,.,Venous Blood,Plasma,human,.,10,Nivolumab,146000,336.64,hr,69.99,ug/mL,.,.,IV 1hr Infusion,.,.,70,170,.,30
Chen 2024 Fig 1,.,Venous Blood,Plasma,human,.,20,Nivolumab,146000,8.29,hr,203.44,ug/mL,.,.,IV 1hr Infusion,.,.,70,170,.,31
Chen 2024 Fig 1,.,Venous Blood,Plasma,human,.,20,Nivolumab,146000,24.28,hr,193.85,ug/mL,.,.,IV 1hr Infusion,.,.,70,170,.,31
Chen 2024 Fig 1,.,Venous Blood,Plasma,human,.,20,Nivolumab,146000,47.65,hr,175.7,ug/mL,.,.,IV 1hr Infusion,.,.,70,170,.,31
Chen 2024 Fig 1,.,Venous Blood,Plasma,human,.,20,Nivolumab,146000,72.25,hr,151.31,ug/mL,.,.,IV 1hr Infusion,.,.,70,170,.,31
Chen 2024 Fig 1,.,Venous Blood,Plasma,human,.,20,Nivolumab,146000,168.57,hr,127.7,ug/mL,.,.,IV 1hr Infusion,.,.,70,170,.,31
Chen 2024 Fig 1,.,Venous Blood,Plasma,human,.,20,Nivolumab,146000,335.78,hr,129.71,ug/mL,.,.,IV 1hr Infusion,.,.,70,170,.,31
Chen 2024 Supp Fig 1,.,Venous Blood,Plasma,NHP,.,10,Nivolumab,146000,0,hr,523,ug/mL,.,.,IV Bolus,.,.,5,45,.,25
Chen 2024 Supp Fig 1,.,Venous Blood,Plasma,NHP,.,10,Nivolumab,146000,1.92,hr,480.78,ug/mL,.,.,IV Bolus,.,.,5,45,.,25
Chen 2024 Supp Fig 1,.,Venous Blood,Plasma,NHP,.,10,Nivolumab,146000,2.2,hr,433.55,ug/mL,.,.,IV Bolus,.,.,5,45,.,25
Chen 2024 Supp Fig 1,.,Venous Blood,Plasma,NHP,.,10,Nivolumab,146000,4.67,hr,396.31,ug/mL,.,.,IV Bolus,.,.,5,45,.,25
Chen 2024 Supp Fig 1,.,Venous Blood,Plasma,NHP,.,10,Nivolumab,146000,8.51,hr,388.94,ug/mL,.,.,IV Bolus,.,.,5,45,.,25
Chen 2024 Supp Fig 1,.,Venous Blood,Plasma,NHP,.,10,Nivolumab,146000,24.16,hr,312.24,ug/mL,.,.,IV Bolus,.,.,5,45,.,25
Chen 2024 Supp Fig 1,.,Venous Blood,Plasma,NHP,.,10,Nivolumab,146000,48.31,hr,258.12,ug/mL,.,.,IV Bolus,.,.,5,45,.,25
Chen 2024 Supp Fig 1,.,Venous Blood,Plasma,NHP,.,10,Nivolumab,146000,143.84,hr,143.53,ug/mL,.,.,IV Bolus,.,.,5,45,.,25
Chen 2024 Supp Fig 1,.,Venous Blood,Plasma,NHP,.,10,Nivolumab,146000,216.04,hr,125.35,ug/mL,.,.,IV Bolus,.,.,5,45,.,25
FDA BLA 125554 Fig 21,.,Venous Blood,Plasma,NHP,MALE,10,Nivolumab,146000,0,hr,317.85,ug/mL,.,.,IV Bolus,.,.,5,45,.,35
FDA BLA 125554 Fig 21,.,Venous Blood,Plasma,NHP,MALE,10,Nivolumab,146000,1,hr,233.82,ug/mL,.,.,IV Bolus,.,.,5,45,.,35
FDA BLA 125554 Fig 21,.,Venous Blood,Plasma,NHP,MALE,10,Nivolumab,146000,3.22,hr,206.8,ug/mL,.,.,IV Bolus,.,.,5,45,.,35
FDA BLA 125554 Fig 21,.,Venous Blood,Plasma,NHP,MALE,10,Nivolumab,146000,7.64,hr,192.51,ug/mL,.,.,IV Bolus,.,.,5,45,.,35
FDA BLA 125554 Fig 21,.,Venous Blood,Plasma,NHP,MALE,10,Nivolumab,146000,23.65,hr,153.7,ug/mL,.,.,IV Bolus,.,.,5,45,.,35
FDA BLA 125554 Fig 21,.,Venous Blood,Plasma,NHP,MALE,10,Nivolumab,146000,47.38,hr,126.54,ug/mL,.,.,IV Bolus,.,.,5,45,.,35
FDA BLA 125554 Fig 21,.,Venous Blood,Plasma,NHP,MALE,10,Nivolumab,146000,143.32,hr,105.25,ug/mL,.,.,IV Bolus,.,.,5,45,.,35
FDA BLA 125554 Fig 21,.,Venous Blood,Plasma,NHP,MALE,10,Nivolumab,146000,215.55,hr,84.9,ug/mL,.,.,IV Bolus,.,.,5,45,.,35
FDA BLA 125554 Fig 21,.,Venous Blood,Plasma,NHP,MALE,10,Nivolumab,146000,312.03,hr,80.66,ug/mL,.,.,IV Bolus,.,.,5,45,.,35
FDA BLA 125554 Fig 21,.,Venous Blood,Plasma,NHP,MALE,10,Nivolumab,146000,383.72,hr,62.45,ug/mL,.,.,IV Bolus,.,.,5,45,.,35
FDA BLA 125554 Fig 21,.,Venous Blood,Plasma,NHP,MALE,10,Nivolumab,146000,479.7,hr,34.85,ug/mL,.,.,IV Bolus,.,.,5,45,.,35
FDA BLA 125554 Fig 21,.,Venous Blood,Plasma,NHP,MALE,10,Nivolumab,146000,551.97,hr,21.32,ug/mL,.,.,IV Bolus,.,.,5,45,.,35
FDA BLA 125554 Fig 21,.,Venous Blood,Plasma,NHP,MALE,10,Nivolumab,146000,647.91,hr,17.56,ug/mL,.,.,IV Bolus,.,.,5,45,.,35
FDA BLA 125554 Fig 21,.,Venous Blood,Plasma,NHP,MALE,1,Nivolumab,146000,0,hr,32.44,ug/mL,.,.,IV Bolus,.,.,5,45,.,36
FDA BLA 125554 Fig 21,.,Venous Blood,Plasma,NHP,MALE,1,Nivolumab,146000,0.7,hr,27.83,ug/mL,.,.,IV Bolus,.,.,5,45,.,36
FDA BLA 125554 Fig 21,.,Venous Blood,Plasma,NHP,MALE,1,Nivolumab,146000,1.82,hr,24.11,ug/mL,.,.,IV Bolus,.,.,5,45,.,36
FDA BLA 125554 Fig 21,.,Venous Blood,Plasma,NHP,MALE,1,Nivolumab,146000,3.49,hr,22.22,ug/mL,.,.,IV Bolus,.,.,5,45,.,36
FDA BLA 125554 Fig 21,.,Venous Blood,Plasma,NHP,MALE,1,Nivolumab,146000,7.91,hr,19.25,ug/mL,.,.,IV Bolus,.,.,5,45,.,36
FDA BLA 125554 Fig 21,.,Venous Blood,Plasma,NHP,MALE,1,Nivolumab,146000,23.93,hr,15.37,ug/mL,.,.,IV Bolus,.,.,5,45,.,36
FDA BLA 125554 Fig 21,.,Venous Blood,Plasma,NHP,MALE,1,Nivolumab,146000,48.2,hr,13.59,ug/mL,.,.,IV Bolus,.,.,5,45,.,36
FDA BLA 125554 Fig 21,.,Venous Blood,Plasma,NHP,MALE,1,Nivolumab,146000,144.13,hr,11.42,ug/mL,.,.,IV Bolus,.,.,5,45,.,36
FDA BLA 125554 Fig 21,.,Venous Blood,Plasma,NHP,MALE,1,Nivolumab,146000,216.38,hr,8.58,ug/mL,.,.,IV Bolus,.,.,5,45,.,36
FDA BLA 125554 Fig 21,.,Venous Blood,Plasma,NHP,MALE,1,Nivolumab,146000,312.33,hr,6.51,ug/mL,.,.,IV Bolus,.,.,5,45,.,36
FDA BLA 125554 Fig 21,.,Venous Blood,Plasma,NHP,MALE,1,Nivolumab,146000,384.6,hr,3.78,ug/mL,.,.,IV Bolus,.,.,5,45,.,36
FDA BLA 125554 Fig 21,.,Venous Blood,Plasma,NHP,FEMALE,1,Nivolumab,146000,0,hr,28.4,ug/mL,.,.,IV Bolus,.,.,5,45,.,37
FDA BLA 125554 Fig 21,.,Venous Blood,Plasma,NHP,FEMALE,1,Nivolumab,146000,0.16,hr,26.17,ug/mL,.,.,IV Bolus,.,.,5,45,.,37
FDA BLA 125554 Fig 21,.,Venous Blood,Plasma,NHP,FEMALE,1,Nivolumab,146000,1.28,hr,22.68,ug/mL,.,.,IV Bolus,.,.,5,45,.,37
FDA BLA 125554 Fig 21,.,Venous Blood,Plasma,NHP,FEMALE,1,Nivolumab,146000,4.05,hr,20.26,ug/mL,.,.,IV Bolus,.,.,5,45,.,37
FDA BLA 125554 Fig 21,.,Venous Blood,Plasma,NHP,FEMALE,1,Nivolumab,146000,7.92,hr,17.74,ug/mL,.,.,IV Bolus,.,.,5,45,.,37
FDA BLA 125554 Fig 21,.,Venous Blood,Plasma,NHP,FEMALE,1,Nivolumab,146000,23.93,hr,14.45,ug/mL,.,.,IV Bolus,.,.,5,45,.,37
FDA BLA 125554 Fig 21,.,Venous Blood,Plasma,NHP,FEMALE,1,Nivolumab,146000,47.66,hr,11.78,ug/mL,.,.,IV Bolus,.,.,5,45,.,37
FDA BLA 125554 Fig 21,.,Venous Blood,Plasma,NHP,FEMALE,1,Nivolumab,146000,143.6,hr,9.9,ug/mL,.,.,IV Bolus,.,.,5,45,.,37
FDA BLA 125554 Fig 21,.,Venous Blood,Plasma,NHP,FEMALE,1,Nivolumab,146000,215.83,hr,8.15,ug/mL,.,.,IV Bolus,.,.,5,45,.,37
FDA BLA 125554 Fig 21,.,Venous Blood,Plasma,NHP,FEMALE,1,Nivolumab,146000,312.34,hr,5.87,ug/mL,.,.,IV Bolus,.,.,5,45,.,37
FDA BLA 125554 Fig 21,.,Venous Blood,Plasma,NHP,FEMALE,1,Nivolumab,146000,384.06,hr,3.45,ug/mL,.,.,IV Bolus,.,.,5,45,.,37
FDA BLA 125514 Fig 27,.,Venous Blood,Plasma,NHP,.,0.3,Pembrolizumab,146000,0,hr,24.04,ug/mL,.,.,IV,.,.,5,45,.,32
FDA BLA 125514 Fig 27,.,Venous Blood,Plasma,NHP,.,0.3,Pembrolizumab,146000,3.84,hr,19.84,ug/mL,.,.,IV,.,.,5,45,.,32
FDA BLA 125514 Fig 27,.,Venous Blood,Plasma,NHP,.,0.3,Pembrolizumab,146000,7.92,hr,1.21,ug/mL,.,.,IV,.,.,5,45,.,32
FDA BLA 125514 Fig 27,.,Venous Blood,Plasma,NHP,.,0.3,Pembrolizumab,146000,19.44,hr,13.15,ug/mL,.,.,IV,.,.,5,45,.,32
FDA BLA 125514 Fig 27,.,Venous Blood,Plasma,NHP,.,0.3,Pembrolizumab,146000,15.6,hr,10,ug/mL,.,.,IV,.,.,5,45,.,32
FDA BLA 125514 Fig 27,.,Venous Blood,Plasma,NHP,.,0.3,Pembrolizumab,146000,23.52,hr,7.6,ug/mL,.,.,IV,.,.,5,45,.,32
FDA BLA 125514 Fig 27,.,Venous Blood,Plasma,NHP,.,0.3,Pembrolizumab,146000,39.12,hr,6.45,ug/mL,.,.,IV,.,.,5,45,.,32
FDA BLA 125514 Fig 27,.,Venous Blood,Plasma,NHP,.,0.3,Pembrolizumab,146000,46.8,hr,5.32,ug/mL,.,.,IV,.,.,5,45,.,32
FDA BLA 125514 Fig 27,.,Venous Blood,Plasma,NHP,.,0.3,Pembrolizumab,146000,70.32,hr,5.47,ug/mL,.,.,IV,.,.,5,45,.,32
FDA BLA 125514 Fig 27,.,Venous Blood,Plasma,NHP,.,0.3,Pembrolizumab,146000,62.4,hr,4.52,ug/mL,.,.,IV,.,.,5,45,.,32
FDA BLA 125514 Fig 27,.,Venous Blood,Plasma,NHP,.,0.3,Pembrolizumab,146000,93.84,hr,4.39,ug/mL,.,.,IV,.,.,5,45,.,32
FDA BLA 125514 Fig 27,.,Venous Blood,Plasma,NHP,.,0.3,Pembrolizumab,146000,89.76,hr,3.43,ug/mL,.,.,IV,.,.,5,45,.,32
FDA BLA 125514 Fig 27,.,Venous Blood,Plasma,NHP,.,0.3,Pembrolizumab,146000,156.24,hr,3.08,ug/mL,.,.,IV,.,.,5,45,.,32
FDA BLA 125514 Fig 27,.,Venous Blood,Plasma,NHP,.,0.3,Pembrolizumab,146000,160.08,hr,2.47,ug/mL,.,.,IV,.,.,5,45,.,32
FDA BLA 125514 Fig 27,.,Venous Blood,Plasma,NHP,.,0.3,Pembrolizumab,146000,230.4,hr,0.21,ug/mL,.,.,IV,.,.,5,45,.,32
FDA BLA 125514 Fig 27,.,Venous Blood,Plasma,NHP,.,0.3,Pembrolizumab,146000,230.4,hr,2.47,ug/mL,.,.,IV,.,.,5,45,.,32
FDA BLA 125514 Fig 27,.,Venous Blood,Plasma,NHP,.,0.3,Pembrolizumab,146000,230.4,hr,1.98,ug/mL,.,.,IV,.,.,5,45,.,32
FDA BLA 125514 Fig 27,.,Venous Blood,Plasma,NHP,.,0.3,Pembrolizumab,146000,324.24,hr,1.32,ug/mL,.,.,IV,.,.,5,45,.,32
FDA BLA 125514 Fig 27,.,Venous Blood,Plasma,NHP,.,0.3,Pembrolizumab,146000,320.4,hr,1.15,ug/mL,.,.,IV,.,.,5,45,.,32
FDA BLA 125514 Fig 27,.,Venous Blood,Plasma,NHP,.,0.3,Pembrolizumab,146000,324.24,hr,0.43,ug/mL,.,.,IV,.,.,5,45,.,32
FDA BLA 125514 Fig 27,.,Venous Blood,Plasma,NHP,.,0.3,Pembrolizumab,146000,492.24,hr,0.07,ug/mL,.,.,IV,.,.,5,45,.,32
FDA BLA 125514 Fig 27,.,Venous Blood,Plasma,NHP,.,0.3,Pembrolizumab,146000,496.08,hr,0.46,ug/mL,.,.,IV,.,.,5,45,.,32
FDA BLA 125514 Fig 27,.,Venous Blood,Plasma,NHP,.,0.3,Pembrolizumab,146000,664.08,hr,0.66,ug/mL,.,.,IV,.,.,5,45,.,32
FDA BLA 125514 Fig 27,.,Venous Blood,Plasma,NHP,.,0.3,Pembrolizumab,146000,664.08,hr,0.05,ug/mL,.,.,IV,.,.,5,45,.,32
FDA BLA 125514 Fig 27,.,Venous Blood,Plasma,NHP,.,0.3,Pembrolizumab,146000,836.16,hr,0.45,ug/mL,.,.,IV,.,.,5,45,.,32
FDA BLA 125514 Fig 27,.,Venous Blood,Plasma,NHP,.,0.3,Pembrolizumab,146000,1000.08,hr,0.46,ug/mL,.,.,IV,.,.,5,45,.,32
FDA BLA 125514 Fig 27,.,Venous Blood,Plasma,NHP,.,0.3,Pembrolizumab,146000,1176,hr,0.39,ug/mL,.,.,IV,.,.,5,45,.,32
FDA BLA 125514 Fig 27,.,Venous Blood,Plasma,NHP,.,0.3,Pembrolizumab,146000,1340.16,hr,0.32,ug/mL,.,.,IV,.,.,5,45,.,32
FDA BLA 125514 Fig 27,.,Venous Blood,Plasma,NHP,.,0.3,Pembrolizumab,146000,1512,hr,0.25,ug/mL,.,.,IV,.,.,5,45,.,32
FDA BLA 125514 Fig 27,.,Venous Blood,Plasma,NHP,.,3,Pembrolizumab,146000,0,hr,140.07,ug/mL,.,.,IV,.,.,5,45,.,33
FDA BLA 125514 Fig 27,.,Venous Blood,Plasma,NHP,.,3,Pembrolizumab,146000,0,hr,77.67,ug/mL,.,.,IV,.,.,5,45,.,33
FDA BLA 125514 Fig 27,.,Venous Blood,Plasma,NHP,.,3,Pembrolizumab,146000,7.92,hr,65.63,ug/mL,.,.,IV,.,.,5,45,.,33
FDA BLA 125514 Fig 27,.,Venous Blood,Plasma,NHP,.,3,Pembrolizumab,146000,28.08,hr,79.88,ug/mL,.,.,IV,.,.,5,45,.,33
FDA BLA 125514 Fig 27,.,Venous Blood,Plasma,NHP,.,3,Pembrolizumab,146000,20.16,hr,57.03,ug/mL,.,.,IV,.,.,5,45,.,33
FDA BLA 125514 Fig 27,.,Venous Blood,Plasma,NHP,.,3,Pembrolizumab,146000,44.16,hr,58.65,ug/mL,.,.,IV,.,.,5,45,.,33
FDA BLA 125514 Fig 27,.,Venous Blood,Plasma,NHP,.,3,Pembrolizumab,146000,40.08,hr,49.56,ug/mL,.,.,IV,.,.,5,45,.,33
FDA BLA 125514 Fig 27,.,Venous Blood,Plasma,NHP,.,3,Pembrolizumab,146000,60.24,hr,52.42,ug/mL,.,.,IV,.,.,5,45,.,33
FDA BLA 125514 Fig 27,.,Venous Blood,Plasma,NHP,.,3,Pembrolizumab,146000,40.08,hr,40.72,ug/mL,.,.,IV,.,.,5,45,.,33
FDA BLA 125514 Fig 27,.,Venous Blood,Plasma,NHP,.,3,Pembrolizumab,146000,84.24,hr,48.19,ug/mL,.,.,IV,.,.,5,45,.,33
FDA BLA 125514 Fig 27,.,Venous Blood,Plasma,NHP,.,3,Pembrolizumab,146000,84.24,hr,38.49,ug/mL,.,.,IV,.,.,5,45,.,33
FDA BLA 125514 Fig 27,.,Venous Blood,Plasma,NHP,.,3,Pembrolizumab,146000,160.32,hr,44.29,ug/mL,.,.,IV,.,.,5,45,.,33
FDA BLA 125514 Fig 27,.,Venous Blood,Plasma,NHP,.,3,Pembrolizumab,146000,160.32,hr,50.97,ug/mL,.,.,IV,.,.,5,45,.,33
FDA BLA 125514 Fig 27,.,Venous Blood,Plasma,NHP,.,3,Pembrolizumab,146000,156.48,hr,28.26,ug/mL,.,.,IV,.,.,5,45,.,33
FDA BLA 125514 Fig 27,.,Venous Blood,Plasma,NHP,.,3,Pembrolizumab,146000,232.56,hr,48.19,ug/mL,.,.,IV,.,.,5,45,.,33
FDA BLA 125514 Fig 27,.,Venous Blood,Plasma,NHP,.,3,Pembrolizumab,146000,232.56,hr,37.43,ug/mL,.,.,IV,.,.,5,45,.,33
FDA BLA 125514 Fig 27,.,Venous Blood,Plasma,NHP,.,3,Pembrolizumab,146000,232.56,hr,21.34,ug/mL,.,.,IV,.,.,5,45,.,33
FDA BLA 125514 Fig 27,.,Venous Blood,Plasma,NHP,.,3,Pembrolizumab,146000,332.88,hr,20.75,ug/mL,.,.,IV,.,.,5,45,.,33
FDA BLA 125514 Fig 27,.,Venous Blood,Plasma,NHP,.,3,Pembrolizumab,146000,336.72,hr,15.24,ug/mL,.,.,IV,.,.,5,45,.,33
FDA BLA 125514 Fig 27,.,Venous Blood,Plasma,NHP,.,3,Pembrolizumab,146000,332.88,hr,3.16,ug/mL,.,.,IV,.,.,5,45,.,33
FDA BLA 125514 Fig 27,.,Venous Blood,Plasma,NHP,.,3,Pembrolizumab,146000,501.12,hr,15.67,ug/mL,.,.,IV,.,.,5,45,.,33
FDA BLA 125514 Fig 27,.,Venous Blood,Plasma,NHP,.,3,Pembrolizumab,146000,501.12,hr,5.7,ug/mL,.,.,IV,.,.,5,45,.,33
FDA BLA 125514 Fig 27,.,Venous Blood,Plasma,NHP,.,3,Pembrolizumab,146000,661.68,hr,9.45,ug/mL,.,.,IV,.,.,5,45,.,33
FDA BLA 125514 Fig 27,.,Venous Blood,Plasma,NHP,.,3,Pembrolizumab,146000,661.68,hr,1.57,ug/mL,.,.,IV,.,.,5,45,.,33
FDA BLA 125514 Fig 27,.,Venous Blood,Plasma,NHP,.,3,Pembrolizumab,146000,838.08,hr,4.56,ug/mL,.,.,IV,.,.,5,45,.,33
FDA BLA 125514 Fig 27,.,Venous Blood,Plasma,NHP,.,3,Pembrolizumab,146000,834,hr,0.08,ug/mL,.,.,IV,.,.,5,45,.,33
FDA BLA 125514 Fig 27,.,Venous Blood,Plasma,NHP,.,3,Pembrolizumab,146000,998.4,hr,1.96,ug/mL,.,.,IV,.,.,5,45,.,33
FDA BLA 125514 Fig 27,.,Venous Blood,Plasma,NHP,.,3,Pembrolizumab,146000,1174.8,hr,0.18,ug/mL,.,.,IV,.,.,5,45,.,33
FDA BLA 125514 Fig 27,.,Venous Blood,Plasma,NHP,.,30,Pembrolizumab,146000,0,hr,1603.72,ug/mL,.,.,IV,.,.,5,45,.,34
FDA BLA 125514 Fig 27,.,Venous Blood,Plasma,NHP,.,30,Pembrolizumab,146000,20.16,hr,753.22,ug/mL,.,.,IV,.,.,5,45,.,34
FDA BLA 125514 Fig 27,.,Venous Blood,Plasma,NHP,.,30,Pembrolizumab,146000,13.44,hr,594.78,ug/mL,.,.,IV,.,.,5,45,.,34
FDA BLA 125514 Fig 27,.,Venous Blood,Plasma,NHP,.,30,Pembrolizumab,146000,53.76,hr,623.55,ug/mL,.,.,IV,.,.,5,45,.,34
FDA BLA 125514 Fig 27,.,Venous Blood,Plasma,NHP,.,30,Pembrolizumab,146000,33.6,hr,528.54,ug/mL,.,.,IV,.,.,5,45,.,34
FDA BLA 125514 Fig 27,.,Venous Blood,Plasma,NHP,.,30,Pembrolizumab,146000,36.96,hr,307.03,ug/mL,.,.,IV,.,.,5,45,.,34
FDA BLA 125514 Fig 27,.,Venous Blood,Plasma,NHP,.,30,Pembrolizumab,146000,67.44,hr,407.62,ug/mL,.,.,IV,.,.,5,45,.,34
FDA BLA 125514 Fig 27,.,Venous Blood,Plasma,NHP,.,30,Pembrolizumab,146000,94.32,hr,448,ug/mL,.,.,IV,.,.,5,45,.,34
FDA BLA 125514 Fig 27,.,Venous Blood,Plasma,NHP,.,30,Pembrolizumab,146000,90.96,hr,337.45,ug/mL,.,.,IV,.,.,5,45,.,34
FDA BLA 125514 Fig 27,.,Venous Blood,Plasma,NHP,.,30,Pembrolizumab,146000,53.76,hr,307.03,ug/mL,.,.,IV,.,.,5,45,.,34
FDA BLA 125514 Fig 27,.,Venous Blood,Plasma,NHP,.,30,Pembrolizumab,146000,154.8,hr,314.37,ug/mL,.,.,IV,.,.,5,45,.,34
FDA BLA 125514 Fig 27,.,Venous Blood,Plasma,NHP,.,30,Pembrolizumab,146000,158.16,hr,279.35,ug/mL,.,.,IV,.,.,5,45,.,34
FDA BLA 125514 Fig 27,.,Venous Blood,Plasma,NHP,.,30,Pembrolizumab,146000,154.8,hr,266.47,ug/mL,.,.,IV,.,.,5,45,.,34
FDA BLA 125514 Fig 27,.,Venous Blood,Plasma,NHP,.,30,Pembrolizumab,146000,228.96,hr,292.86,ug/mL,.,.,IV,.,.,5,45,.,34
FDA BLA 125514 Fig 27,.,Venous Blood,Plasma,NHP,.,30,Pembrolizumab,146000,239.04,hr,231.26,ug/mL,.,.,IV,.,.,5,45,.,34
FDA BLA 125514 Fig 27,.,Venous Blood,Plasma,NHP,.,30,Pembrolizumab,146000,323.28,hr,254.17,ug/mL,.,.,IV,.,.,5,45,.,34
FDA BLA 125514 Fig 27,.,Venous Blood,Plasma,NHP,.,30,Pembrolizumab,146000,494.88,hr,0.04,ug/mL,.,.,IV,.,.,5,45,.,34
FDA BLA 125514 Fig 27,.,Venous Blood,Plasma,NHP,.,30,Pembrolizumab,146000,491.52,hr,119.38,ug/mL,.,.,IV,.,.,5,45,.,34
FDA BLA 125514 Fig 27,.,Venous Blood,Plasma,NHP,.,30,Pembrolizumab,146000,659.76,hr,6.09,ug/mL,.,.,IV,.,.,5,45,.,34
FDA BLA 125514 Fig 27,.,Venous Blood,Plasma,NHP,.,30,Pembrolizumab,146000,659.76,hr,92.07,ug/mL,.,.,IV,.,.,5,45,.,34
FDA BLA 125514 Fig 27,.,Venous Blood,Plasma,NHP,.,30,Pembrolizumab,146000,834.96,hr,72.7,ug/mL,.,.,IV,.,.,5,45,.,34
FDA BLA 125514 Fig 27,.,Venous Blood,Plasma,NHP,.,30,Pembrolizumab,146000,996.48,hr,31.81,ug/mL,.,.,IV,.,.,5,45,.,34
FDA BLA 125514 Fig 27,.,Venous Blood,Plasma,NHP,.,30,Pembrolizumab,146000,1171.68,hr,44.27,ug/mL,.,.,IV,.,.,5,45,.,34
FDA BLA 125514 Fig 27,.,Venous Blood,Plasma,NHP,.,30,Pembrolizumab,146000,1333.2,hr,11.25,ug/mL,.,.,IV,.,.,5,45,.,34
FDA BLA 125514 Fig 27,.,Venous Blood,Plasma,NHP,.,30,Pembrolizumab,146000,1511.76,hr,3.89,ug/mL,.,.,IV,.,.,5,45,.,34
FDA BLA 125514 Fig 27,.,Venous Blood,Plasma,NHP,.,30,Pembrolizumab,146000,1673.28,hr,0.49,ug/mL,.,.,IV,.,.,5,45,.,34
Mao 2013 Fig 1B,.,Venous Blood,Plasma,NHP,.,10,Rituximab,144000,1,hr,230.74,ug/mL,.,.,IV,.,.,5,45,.,63
Mao 2013 Fig 1B,.,Venous Blood,Plasma,NHP,.,10,Rituximab,144000,48,hr,110.82,ug/mL,.,.,IV,.,.,5,45,.,63
Mao 2013 Fig 1B,.,Venous Blood,Plasma,NHP,.,10,Rituximab,144000,168,hr,56.93,ug/mL,.,.,IV,.,.,5,45,.,63
Mao 2013 Fig 1B,.,Venous Blood,Plasma,NHP,.,10,Rituximab,144000,169,hr,270.97,ug/mL,.,.,IV,.,.,5,45,.,63
Mao 2013 Fig 1B,.,Venous Blood,Plasma,NHP,.,10,Rituximab,144000,216,hr,154.84,ug/mL,.,.,IV,.,.,5,45,.,63
Mao 2013 Fig 1B,.,Venous Blood,Plasma,NHP,.,10,Rituximab,144000,336,hr,60.72,ug/mL,.,.,IV,.,.,5,45,.,63
Mao 2013 Fig 1B,.,Venous Blood,Plasma,NHP,.,10,Rituximab,144000,1,hr,188.24,ug/mL,.,.,IV,.,.,5,45,.,64
Mao 2013 Fig 1B,.,Venous Blood,Plasma,NHP,.,10,Rituximab,144000,48,hr,69.83,ug/mL,.,.,IV,.,.,5,45,.,64
Mao 2013 Fig 1B,.,Venous Blood,Plasma,NHP,.,10,Rituximab,144000,168,hr,36.43,ug/mL,.,.,IV,.,.,5,45,.,64
Mao 2013 Fig 1B,.,Venous Blood,Plasma,NHP,.,10,Rituximab,144000,169,hr,246.68,ug/mL,.,.,IV,.,.,5,45,.,64
Mao 2013 Fig 1B,.,Venous Blood,Plasma,NHP,.,10,Rituximab,144000,216,hr,126.76,ug/mL,.,.,IV,.,.,5,45,.,64
Mao 2013 Fig 1B,.,Venous Blood,Plasma,NHP,.,10,Rituximab,144000,336,hr,3.8,ug/mL,.,.,IV,.,.,5,45,.,64
Mao 2013 Fig 1B,.,Venous Blood,Plasma,NHP,.,10,Rituximab,144000,1,hr,240.61,ug/mL,.,.,IV,.,.,5,45,.,65
Mao 2013 Fig 1B,.,Venous Blood,Plasma,NHP,.,10,Rituximab,144000,48,hr,122.96,ug/mL,.,.,IV,.,.,5,45,.,65
Mao 2013 Fig 1B,.,Venous Blood,Plasma,NHP,.,10,Rituximab,144000,168,hr,31.88,ug/mL,.,.,IV,.,.,5,45,.,65
Mao 2013 Fig 1B,.,Venous Blood,Plasma,NHP,.,10,Rituximab,144000,169,hr,320.3,ug/mL,.,.,IV,.,.,5,45,.,65
Mao 2013 Fig 1B,.,Venous Blood,Plasma,NHP,.,10,Rituximab,144000,216,hr,192.79,ug/mL,.,.,IV,.,.,5,45,.,65
Mao 2013 Fig 1B,.,Venous Blood,Plasma,NHP,.,10,Rituximab,144000,336,hr,91.08,ug/mL,.,.,IV,.,.,5,45,.,65
Mao 2013 Fig 1B,.,Venous Blood,Plasma,NHP,.,10,Rituximab,144000,1,hr,219.35,ug/mL,.,.,IV,.,.,5,45,.,66
Mao 2013 Fig 1B,.,Venous Blood,Plasma,NHP,.,10,Rituximab,144000,48,hr,94.12,ug/mL,.,.,IV,.,.,5,45,.,66
Mao 2013 Fig 1B,.,Venous Blood,Plasma,NHP,.,10,Rituximab,144000,168,hr,47.82,ug/mL,.,.,IV,.,.,5,45,.,66
Mao 2013 Fig 1B,.,Venous Blood,Plasma,NHP,.,10,Rituximab,144000,169,hr,262.62,ug/mL,.,.,IV,.,.,5,45,.,66
Mao 2013 Fig 1B,.,Venous Blood,Plasma,NHP,.,10,Rituximab,144000,216,hr,151.04,ug/mL,.,.,IV,.,.,5,45,.,66
Mao 2013 Fig 1B,.,Venous Blood,Plasma,NHP,.,10,Rituximab,144000,336,hr,40.23,ug/mL,.,.,IV,.,.,5,45,.,66
Lledo-Garcia 2022 Fig S1,.,Venous Blood,Plasma,NHP,.,5,Rozanolixizumab,147000,0.24,hr,103.92,ug/mL,.,.,IV,.,.,5,45,.,47
Lledo-Garcia 2022 Fig S1,.,Venous Blood,Plasma,NHP,.,5,Rozanolixizumab,147000,0.72,hr,90.6,ug/mL,.,.,IV,.,.,5,45,.,47
Lledo-Garcia 2022 Fig S1,.,Venous Blood,Plasma,NHP,.,5,Rozanolixizumab,147000,1.92,hr,84.59,ug/mL,.,.,IV,.,.,5,45,.,47
Lledo-Garcia 2022 Fig S1,.,Venous Blood,Plasma,NHP,.,5,Rozanolixizumab,147000,3.6,hr,82.68,ug/mL,.,.,IV,.,.,5,45,.,47
Lledo-Garcia 2022 Fig S1,.,Venous Blood,Plasma,NHP,.,5,Rozanolixizumab,147000,7.68,hr,67.3,ug/mL,.,.,IV,.,.,5,45,.,47
Lledo-Garcia 2022 Fig S1,.,Venous Blood,Plasma,NHP,.,5,Rozanolixizumab,147000,11.52,hr,53.54,ug/mL,.,.,IV,.,.,5,45,.,47
Lledo-Garcia 2022 Fig S1,.,Venous Blood,Plasma,NHP,.,5,Rozanolixizumab,147000,23.52,hr,15.93,ug/mL,.,.,IV,.,.,5,45,.,47
Lledo-Garcia 2022 Fig S1,.,Venous Blood,Plasma,NHP,.,5,Rozanolixizumab,147000,35.76,hr,2.03,ug/mL,.,.,IV,.,.,5,45,.,47
Lledo-Garcia 2022 Fig S1,.,Venous Blood,Plasma,NHP,.,5,Rozanolixizumab,147000,48,hr,0.15,ug/mL,.,.,IV,.,.,5,45,.,47
Lledo-Garcia 2022 Fig S1,.,Venous Blood,Plasma,NHP,.,5,Rozanolixizumab,147000,0.24,hr,88.55,ug/mL,.,.,IV,.,.,5,45,.,48
Lledo-Garcia 2022 Fig S1,.,Venous Blood,Plasma,NHP,.,5,Rozanolixizumab,147000,1.2,hr,80.81,ug/mL,.,.,IV,.,.,5,45,.,48
Lledo-Garcia 2022 Fig S1,.,Venous Blood,Plasma,NHP,.,5,Rozanolixizumab,147000,1.92,hr,70.45,ug/mL,.,.,IV,.,.,5,45,.,48
Lledo-Garcia 2022 Fig S1,.,Venous Blood,Plasma,NHP,.,5,Rozanolixizumab,147000,3.6,hr,60.03,ug/mL,.,.,IV,.,.,5,45,.,48
Lledo-Garcia 2022 Fig S1,.,Venous Blood,Plasma,NHP,.,5,Rozanolixizumab,147000,7.68,hr,67.3,ug/mL,.,.,IV,.,.,5,45,.,48
Lledo-Garcia 2022 Fig S1,.,Venous Blood,Plasma,NHP,.,5,Rozanolixizumab,147000,12,hr,67.3,ug/mL,.,.,IV,.,.,5,45,.,48
Lledo-Garcia 2022 Fig S1,.,Venous Blood,Plasma,NHP,.,5,Rozanolixizumab,147000,23.76,hr,22.45,ug/mL,.,.,IV,.,.,5,45,.,48
Lledo-Garcia 2022 Fig S1,.,Venous Blood,Plasma,NHP,.,5,Rozanolixizumab,147000,36.24,hr,7.32,ug/mL,.,.,IV,.,.,5,45,.,48
Lledo-Garcia 2022 Fig S1,.,Venous Blood,Plasma,NHP,.,5,Rozanolixizumab,147000,47.76,hr,0.15,ug/mL,.,.,IV,.,.,5,45,.,48
Lledo-Garcia 2022 Fig S1,.,Venous Blood,Plasma,NHP,.,5,Rozanolixizumab,147000,0.24,hr,77.2,ug/mL,.,.,IV,.,.,5,45,.,49
Lledo-Garcia 2022 Fig S1,.,Venous Blood,Plasma,NHP,.,5,Rozanolixizumab,147000,0.96,hr,62.83,ug/mL,.,.,IV,.,.,5,45,.,49
Lledo-Garcia 2022 Fig S1,.,Venous Blood,Plasma,NHP,.,5,Rozanolixizumab,147000,1.92,hr,53.54,ug/mL,.,.,IV,.,.,5,45,.,49
Lledo-Garcia 2022 Fig S1,.,Venous Blood,Plasma,NHP,.,5,Rozanolixizumab,147000,3.6,hr,60.03,ug/mL,.,.,IV,.,.,5,45,.,49
Lledo-Garcia 2022 Fig S1,.,Venous Blood,Plasma,NHP,.,5,Rozanolixizumab,147000,7.44,hr,67.3,ug/mL,.,.,IV,.,.,5,45,.,49
Lledo-Garcia 2022 Fig S1,.,Venous Blood,Plasma,NHP,.,5,Rozanolixizumab,147000,12,hr,67.3,ug/mL,.,.,IV,.,.,5,45,.,49
Lledo-Garcia 2022 Fig S1,.,Venous Blood,Plasma,NHP,.,5,Rozanolixizumab,147000,23.76,hr,22.45,ug/mL,.,.,IV,.,.,5,45,.,49
Lledo-Garcia 2022 Fig S1,.,Venous Blood,Plasma,NHP,.,5,Rozanolixizumab,147000,36.24,hr,7.16,ug/mL,.,.,IV,.,.,5,45,.,49
Lledo-Garcia 2022 Fig S1,.,Venous Blood,Plasma,NHP,.,5,Rozanolixizumab,147000,47.52,hr,0.16,ug/mL,.,.,IV,.,.,5,45,.,49
Lledo-Garcia 2022 Fig S1,.,Venous Blood,Plasma,NHP,.,5,Rozanolixizumab,147000,0.72,hr,65.78,ug/mL,.,.,IV,.,.,5,45,.,50
Lledo-Garcia 2022 Fig S1,.,Venous Blood,Plasma,NHP,.,5,Rozanolixizumab,147000,1.92,hr,58.67,ug/mL,.,.,IV,.,.,5,45,.,50
Lledo-Garcia 2022 Fig S1,.,Venous Blood,Plasma,NHP,.,5,Rozanolixizumab,147000,3.6,hr,44.59,ug/mL,.,.,IV,.,.,5,45,.,50
Lledo-Garcia 2022 Fig S1,.,Venous Blood,Plasma,NHP,.,5,Rozanolixizumab,147000,7.68,hr,61.41,ug/mL,.,.,IV,.,.,5,45,.,50
Lledo-Garcia 2022 Fig S1,.,Venous Blood,Plasma,NHP,.,5,Rozanolixizumab,147000,12,hr,37.13,ug/mL,.,.,IV,.,.,5,45,.,50
Lledo-Garcia 2022 Fig S1,.,Venous Blood,Plasma,NHP,.,5,Rozanolixizumab,147000,24.24,hr,16.3,ug/mL,.,.,IV,.,.,5,45,.,50
Lledo-Garcia 2022 Fig S1,.,Venous Blood,Plasma,NHP,.,5,Rozanolixizumab,147000,35.76,hr,1.94,ug/mL,.,.,IV,.,.,5,45,.,50
Lledo-Garcia 2022 Fig S1,.,Venous Blood,Plasma,NHP,.,5,Rozanolixizumab,147000,48,hr,0.15,ug/mL,.,.,IV,.,.,5,45,.,50
Lledo-Garcia 2022 Fig S1,.,Venous Blood,Plasma,NHP,.,10,Rozanolixizumab,147000,0.72,hr,271.56,ug/mL,.,.,IV,.,.,5,45,.,51
Lledo-Garcia 2022 Fig S1,.,Venous Blood,Plasma,NHP,.,10,Rozanolixizumab,147000,2.16,hr,277.84,ug/mL,.,.,IV,.,.,5,45,.,51
Lledo-Garcia 2022 Fig S1,.,Venous Blood,Plasma,NHP,.,10,Rozanolixizumab,147000,4.08,hr,247.82,ug/mL,.,.,IV,.,.,5,45,.,51
Lledo-Garcia 2022 Fig S1,.,Venous Blood,Plasma,NHP,.,10,Rozanolixizumab,147000,7.92,hr,188.34,ug/mL,.,.,IV,.,.,5,45,.,51
Lledo-Garcia 2022 Fig S1,.,Venous Blood,Plasma,NHP,.,10,Rozanolixizumab,147000,12.24,hr,130.63,ug/mL,.,.,IV,.,.,5,45,.,51
Lledo-Garcia 2022 Fig S1,.,Venous Blood,Plasma,NHP,.,10,Rozanolixizumab,147000,36.24,hr,65.78,ug/mL,.,.,IV,.,.,5,45,.,51
Lledo-Garcia 2022 Fig S1,.,Venous Blood,Plasma,NHP,.,10,Rozanolixizumab,147000,48,hr,54.78,ug/mL,.,.,IV,.,.,5,45,.,51
Lledo-Garcia 2022 Fig S1,.,Venous Blood,Plasma,NHP,.,10,Rozanolixizumab,147000,60,hr,7.84,ug/mL,.,.,IV,.,.,5,45,.,51
Lledo-Garcia 2022 Fig S1,.,Venous Blood,Plasma,NHP,.,10,Rozanolixizumab,147000,72,hr,0.76,ug/mL,.,.,IV,.,.,5,45,.,51
Lledo-Garcia 2022 Fig S1,.,Venous Blood,Plasma,NHP,.,10,Rozanolixizumab,147000,83.76,hr,0.15,ug/mL,.,.,IV,.,.,5,45,.,51
Lledo-Garcia 2022 Fig S1,.,Venous Blood,Plasma,NHP,.,10,Rozanolixizumab,147000,1.92,hr,265.42,ug/mL,.,.,IV,.,.,5,45,.,52
Lledo-Garcia 2022 Fig S1,.,Venous Blood,Plasma,NHP,.,10,Rozanolixizumab,147000,3.36,hr,231.39,ug/mL,.,.,IV,.,.,5,45,.,52
Lledo-Garcia 2022 Fig S1,.,Venous Blood,Plasma,NHP,.,10,Rozanolixizumab,147000,7.68,hr,171.88,ug/mL,.,.,IV,.,.,5,45,.,52
Lledo-Garcia 2022 Fig S1,.,Venous Blood,Plasma,NHP,.,10,Rozanolixizumab,147000,12,hr,116.51,ug/mL,.,.,IV,.,.,5,45,.,52
Lledo-Garcia 2022 Fig S1,.,Venous Blood,Plasma,NHP,.,10,Rozanolixizumab,147000,24.24,hr,78.98,ug/mL,.,.,IV,.,.,5,45,.,52
Lledo-Garcia 2022 Fig S1,.,Venous Blood,Plasma,NHP,.,10,Rozanolixizumab,147000,36.24,hr,49.99,ug/mL,.,.,IV,.,.,5,45,.,52
Lledo-Garcia 2022 Fig S1,.,Venous Blood,Plasma,NHP,.,10,Rozanolixizumab,147000,47.76,hr,17.46,ug/mL,.,.,IV,.,.,5,45,.,52
Lledo-Garcia 2022 Fig S1,.,Venous Blood,Plasma,NHP,.,10,Rozanolixizumab,147000,59.76,hr,6.99,ug/mL,.,.,IV,.,.,5,45,.,52
Lledo-Garcia 2022 Fig S1,.,Venous Blood,Plasma,NHP,.,10,Rozanolixizumab,147000,72,hr,0.15,ug/mL,.,.,IV,.,.,5,45,.,52
Lledo-Garcia 2022 Fig S1,.,Venous Blood,Plasma,NHP,.,10,Rozanolixizumab,147000,1.2,hr,236.74,ug/mL,.,.,IV,.,.,5,45,.,53
Lledo-Garcia 2022 Fig S1,.,Venous Blood,Plasma,NHP,.,10,Rozanolixizumab,147000,4.08,hr,179.92,ug/mL,.,.,IV,.,.,5,45,.,53
Lledo-Garcia 2022 Fig S1,.,Venous Blood,Plasma,NHP,.,10,Rozanolixizumab,147000,7.68,hr,153.31,ug/mL,.,.,IV,.,.,5,45,.,53
Lledo-Garcia 2022 Fig S1,.,Venous Blood,Plasma,NHP,.,10,Rozanolixizumab,147000,12,hr,106.33,ug/mL,.,.,IV,.,.,5,45,.,53
Lledo-Garcia 2022 Fig S1,.,Venous Blood,Plasma,NHP,.,10,Rozanolixizumab,147000,24.48,hr,78.98,ug/mL,.,.,IV,.,.,5,45,.,53
Lledo-Garcia 2022 Fig S1,.,Venous Blood,Plasma,NHP,.,10,Rozanolixizumab,147000,35.76,hr,46.67,ug/mL,.,.,IV,.,.,5,45,.,53
Lledo-Garcia 2022 Fig S1,.,Venous Blood,Plasma,NHP,.,10,Rozanolixizumab,147000,48,hr,15.22,ug/mL,.,.,IV,.,.,5,45,.,53
Lledo-Garcia 2022 Fig S1,.,Venous Blood,Plasma,NHP,.,10,Rozanolixizumab,147000,60,hr,7.66,ug/mL,.,.,IV,.,.,5,45,.,53
Lledo-Garcia 2022 Fig S1,.,Venous Blood,Plasma,NHP,.,10,Rozanolixizumab,147000,72,hr,5.82,ug/mL,.,.,IV,.,.,5,45,.,53
Lledo-Garcia 2022 Fig S1,.,Venous Blood,Plasma,NHP,.,10,Rozanolixizumab,147000,84.24,hr,1.17,ug/mL,.,.,IV,.,.,5,45,.,53
Lledo-Garcia 2022 Fig S1,.,Venous Blood,Plasma,NHP,.,10,Rozanolixizumab,147000,96.24,hr,0.15,ug/mL,.,.,IV,.,.,5,45,.,53
Lledo-Garcia 2022 Fig S1,.,Venous Blood,Plasma,NHP,.,10,Rozanolixizumab,147000,1.92,hr,206.38,ug/mL,.,.,IV,.,.,5,45,.,54
Lledo-Garcia 2022 Fig S1,.,Venous Blood,Plasma,NHP,.,10,Rozanolixizumab,147000,3.36,hr,236.74,ug/mL,.,.,IV,.,.,5,45,.,54
Lledo-Garcia 2022 Fig S1,.,Venous Blood,Plasma,NHP,.,10,Rozanolixizumab,147000,7.68,hr,164.19,ug/mL,.,.,IV,.,.,5,45,.,54
Lledo-Garcia 2022 Fig S1,.,Venous Blood,Plasma,NHP,.,10,Rozanolixizumab,147000,12,hr,88.55,ug/mL,.,.,IV,.,.,5,45,.,54
Lledo-Garcia 2022 Fig S1,.,Venous Blood,Plasma,NHP,.,10,Rozanolixizumab,147000,24.24,hr,94.84,ug/mL,.,.,IV,.,.,5,45,.,54
Lledo-Garcia 2022 Fig S1,.,Venous Blood,Plasma,NHP,.,10,Rozanolixizumab,147000,35.76,hr,73.74,ug/mL,.,.,IV,.,.,5,45,.,54
Lledo-Garcia 2022 Fig S1,.,Venous Blood,Plasma,NHP,.,10,Rozanolixizumab,147000,48,hr,43.58,ug/mL,.,.,IV,.,.,5,45,.,54
Lledo-Garcia 2022 Fig S1,.,Venous Blood,Plasma,NHP,.,10,Rozanolixizumab,147000,60,hr,17.46,ug/mL,.,.,IV,.,.,5,45,.,54
Lledo-Garcia 2022 Fig S1,.,Venous Blood,Plasma,NHP,.,10,Rozanolixizumab,147000,72,hr,7.66,ug/mL,.,.,IV,.,.,5,45,.,54
Lledo-Garcia 2022 Fig S1,.,Venous Blood,Plasma,NHP,.,10,Rozanolixizumab,147000,83.76,hr,0.15,ug/mL,.,.,IV,.,.,5,45,.,54
Lledo-Garcia 2022 Fig S1,.,Venous Blood,Plasma,NHP,.,30,Rozanolixizumab,147000,-0.24,hr,891.95,ug/mL,.,.,IV,.,.,5,45,.,55
Lledo-Garcia 2022 Fig S1,.,Venous Blood,Plasma,NHP,.,30,Rozanolixizumab,147000,0.96,hr,662.55,ug/mL,.,.,IV,.,.,5,45,.,55
Lledo-Garcia 2022 Fig S1,.,Venous Blood,Plasma,NHP,.,30,Rozanolixizumab,147000,1.92,hr,539.3,ug/mL,.,.,IV,.,.,5,45,.,55
Lledo-Garcia 2022 Fig S1,.,Venous Blood,Plasma,NHP,.,30,Rozanolixizumab,147000,4.56,hr,577.6,ug/mL,.,.,IV,.,.,5,45,.,55
Lledo-Garcia 2022 Fig S1,.,Venous Blood,Plasma,NHP,.,30,Rozanolixizumab,147000,7.68,hr,357.31,ug/mL,.,.,IV,.,.,5,45,.,55
Lledo-Garcia 2022 Fig S1,.,Venous Blood,Plasma,NHP,.,30,Rozanolixizumab,147000,12,hr,391.54,ug/mL,.,.,IV,.,.,5,45,.,55
Lledo-Garcia 2022 Fig S1,.,Venous Blood,Plasma,NHP,.,30,Rozanolixizumab,147000,23.76,hr,284.27,ug/mL,.,.,IV,.,.,5,45,.,55
Lledo-Garcia 2022 Fig S1,.,Venous Blood,Plasma,NHP,.,30,Rozanolixizumab,147000,36.24,hr,188.34,ug/mL,.,.,IV,.,.,5,45,.,55
Lledo-Garcia 2022 Fig S1,.,Venous Blood,Plasma,NHP,.,30,Rozanolixizumab,147000,47.76,hr,127.67,ug/mL,.,.,IV,.,.,5,45,.,55
Lledo-Garcia 2022 Fig S1,.,Venous Blood,Plasma,NHP,.,30,Rozanolixizumab,147000,59.76,hr,108.79,ug/mL,.,.,IV,.,.,5,45,.,55
Lledo-Garcia 2022 Fig S1,.,Venous Blood,Plasma,NHP,.,30,Rozanolixizumab,147000,71.52,hr,72.08,ug/mL,.,.,IV,.,.,5,45,.,55
Lledo-Garcia 2022 Fig S1,.,Venous Blood,Plasma,NHP,.,30,Rozanolixizumab,147000,84.24,hr,47.75,ug/mL,.,.,IV,.,.,5,45,.,55
Lledo-Garcia 2022 Fig S1,.,Venous Blood,Plasma,NHP,.,30,Rozanolixizumab,147000,95.76,hr,25.75,ug/mL,.,.,IV,.,.,5,45,.,55
Lledo-Garcia 2022 Fig S1,.,Venous Blood,Plasma,NHP,.,30,Rozanolixizumab,147000,120,hr,3.29,ug/mL,.,.,IV,.,.,5,45,.,55
Lledo-Garcia 2022 Fig S1,.,Venous Blood,Plasma,NHP,.,30,Rozanolixizumab,147000,0,hr,726.02,ug/mL,.,.,IV,.,.,5,45,.,56
Lledo-Garcia 2022 Fig S1,.,Venous Blood,Plasma,NHP,.,30,Rozanolixizumab,147000,0.72,hr,618.62,ug/mL,.,.,IV,.,.,5,45,.,56
Lledo-Garcia 2022 Fig S1,.,Venous Blood,Plasma,NHP,.,30,Rozanolixizumab,147000,2.16,hr,577.6,ug/mL,.,.,IV,.,.,5,45,.,56
Lledo-Garcia 2022 Fig S1,.,Venous Blood,Plasma,NHP,.,30,Rozanolixizumab,147000,3.36,hr,503.54,ug/mL,.,.,IV,.,.,5,45,.,56
Lledo-Garcia 2022 Fig S1,.,Venous Blood,Plasma,NHP,.,30,Rozanolixizumab,147000,7.68,hr,419.35,ug/mL,.,.,IV,.,.,5,45,.,56
Lledo-Garcia 2022 Fig S1,.,Venous Blood,Plasma,NHP,.,30,Rozanolixizumab,147000,11.52,hr,470.15,ug/mL,.,.,IV,.,.,5,45,.,56
Lledo-Garcia 2022 Fig S1,.,Venous Blood,Plasma,NHP,.,30,Rozanolixizumab,147000,24.24,hr,242.22,ug/mL,.,.,IV,.,.,5,45,.,56
Lledo-Garcia 2022 Fig S1,.,Venous Blood,Plasma,NHP,.,30,Rozanolixizumab,147000,35.76,hr,259.42,ug/mL,.,.,IV,.,.,5,45,.,56
Lledo-Garcia 2022 Fig S1,.,Venous Blood,Plasma,NHP,.,30,Rozanolixizumab,147000,47.76,hr,211.16,ug/mL,.,.,IV,.,.,5,45,.,56
Lledo-Garcia 2022 Fig S1,.,Venous Blood,Plasma,NHP,.,30,Rozanolixizumab,147000,60,hr,143.14,ug/mL,.,.,IV,.,.,5,45,.,56
Lledo-Garcia 2022 Fig S1,.,Venous Blood,Plasma,NHP,.,30,Rozanolixizumab,147000,71.52,hr,72.08,ug/mL,.,.,IV,.,.,5,45,.,56
Lledo-Garcia 2022 Fig S1,.,Venous Blood,Plasma,NHP,.,30,Rozanolixizumab,147000,84.24,hr,47.75,ug/mL,.,.,IV,.,.,5,45,.,56
Lledo-Garcia 2022 Fig S1,.,Venous Blood,Plasma,NHP,.,30,Rozanolixizumab,147000,96.24,hr,18.7,ug/mL,.,.,IV,.,.,5,45,.,56
Lledo-Garcia 2022 Fig S1,.,Venous Blood,Plasma,NHP,.,30,Rozanolixizumab,147000,120,hr,0.15,ug/mL,.,.,IV,.,.,5,45,.,56
Lledo-Garcia 2022 Fig S1,.,Venous Blood,Plasma,NHP,.,30,Rozanolixizumab,147000,0,hr,647.57,ug/mL,.,.,IV,.,.,5,45,.,57
Lledo-Garcia 2022 Fig S1,.,Venous Blood,Plasma,NHP,.,30,Rozanolixizumab,147000,1.44,hr,515.19,ug/mL,.,.,IV,.,.,5,45,.,57
Lledo-Garcia 2022 Fig S1,.,Venous Blood,Plasma,NHP,.,30,Rozanolixizumab,147000,4.08,hr,590.96,ug/mL,.,.,IV,.,.,5,45,.,57
Lledo-Garcia 2022 Fig S1,.,Venous Blood,Plasma,NHP,.,30,Rozanolixizumab,147000,7.92,hr,357.31,ug/mL,.,.,IV,.,.,5,45,.,57
Lledo-Garcia 2022 Fig S1,.,Venous Blood,Plasma,NHP,.,30,Rozanolixizumab,147000,12,hr,391.54,ug/mL,.,.,IV,.,.,5,45,.,57
Lledo-Garcia 2022 Fig S1,.,Venous Blood,Plasma,NHP,.,30,Rozanolixizumab,147000,24.24,hr,290.84,ug/mL,.,.,IV,.,.,5,45,.,57
Lledo-Garcia 2022 Fig S1,.,Venous Blood,Plasma,NHP,.,30,Rozanolixizumab,147000,36.24,hr,188.34,ug/mL,.,.,IV,.,.,5,45,.,57
Lledo-Garcia 2022 Fig S1,.,Venous Blood,Plasma,NHP,.,30,Rozanolixizumab,147000,47.76,hr,127.67,ug/mL,.,.,IV,.,.,5,45,.,57
Lledo-Garcia 2022 Fig S1,.,Venous Blood,Plasma,NHP,.,30,Rozanolixizumab,147000,60,hr,106.33,ug/mL,.,.,IV,.,.,5,45,.,57
Lledo-Garcia 2022 Fig S1,.,Venous Blood,Plasma,NHP,.,30,Rozanolixizumab,147000,71.28,hr,72.08,ug/mL,.,.,IV,.,.,5,45,.,57
Lledo-Garcia 2022 Fig S1,.,Venous Blood,Plasma,NHP,.,30,Rozanolixizumab,147000,84.24,hr,60.03,ug/mL,.,.,IV,.,.,5,45,.,57
Lledo-Garcia 2022 Fig S1,.,Venous Blood,Plasma,NHP,.,30,Rozanolixizumab,147000,95.76,hr,33.12,ug/mL,.,.,IV,.,.,5,45,.,57
Lledo-Garcia 2022 Fig S1,.,Venous Blood,Plasma,NHP,.,30,Rozanolixizumab,147000,120.24,hr,2.44,ug/mL,.,.,IV,.,.,5,45,.,57
Lledo-Garcia 2022 Fig S1,.,Venous Blood,Plasma,NHP,.,30,Rozanolixizumab,147000,0,hr,693.56,ug/mL,.,.,IV,.,.,5,45,.,58
Lledo-Garcia 2022 Fig S1,.,Venous Blood,Plasma,NHP,.,30,Rozanolixizumab,147000,1.44,hr,577.6,ug/mL,.,.,IV,.,.,5,45,.,58
Lledo-Garcia 2022 Fig S1,.,Venous Blood,Plasma,NHP,.,30,Rozanolixizumab,147000,3.6,hr,515.19,ug/mL,.,.,IV,.,.,5,45,.,58
Lledo-Garcia 2022 Fig S1,.,Venous Blood,Plasma,NHP,.,30,Rozanolixizumab,147000,7.92,hr,419.35,ug/mL,.,.,IV,.,.,5,45,.,58
Lledo-Garcia 2022 Fig S1,.,Venous Blood,Plasma,NHP,.,30,Rozanolixizumab,147000,11.52,hr,470.15,ug/mL,.,.,IV,.,.,5,45,.,58
Lledo-Garcia 2022 Fig S1,.,Venous Blood,Plasma,NHP,.,30,Rozanolixizumab,147000,23.76,hr,349.23,ug/mL,.,.,IV,.,.,5,45,.,58
Lledo-Garcia 2022 Fig S1,.,Venous Blood,Plasma,NHP,.,30,Rozanolixizumab,147000,36.24,hr,271.56,ug/mL,.,.,IV,.,.,5,45,.,58
Lledo-Garcia 2022 Fig S1,.,Venous Blood,Plasma,NHP,.,30,Rozanolixizumab,147000,47.76,hr,164.19,ug/mL,.,.,IV,.,.,5,45,.,58
Lledo-Garcia 2022 Fig S1,.,Venous Blood,Plasma,NHP,.,30,Rozanolixizumab,147000,60,hr,113.88,ug/mL,.,.,IV,.,.,5,45,.,58
Lledo-Garcia 2022 Fig S1,.,Venous Blood,Plasma,NHP,.,30,Rozanolixizumab,147000,72.24,hr,88.55,ug/mL,.,.,IV,.,.,5,45,.,58
Lledo-Garcia 2022 Fig S1,.,Venous Blood,Plasma,NHP,.,30,Rozanolixizumab,147000,83.76,hr,38.87,ug/mL,.,.,IV,.,.,5,45,.,58
Lledo-Garcia 2022 Fig S1,.,Venous Blood,Plasma,NHP,.,30,Rozanolixizumab,147000,96.24,hr,22.97,ug/mL,.,.,IV,.,.,5,45,.,58
Lledo-Garcia 2022 Fig S1,.,Venous Blood,Plasma,NHP,.,30,Rozanolixizumab,147000,120,hr,0.15,ug/mL,.,.,IV,.,.,5,45,.,58
Nellan 2018 Fig 1A,.,Venous Blood,Plasma,NHP,.,10,Tocilizumab,148000,1,hr,295.77,ug/mL,.,.,IV,.,.,5,45,.,60
Nellan 2018 Fig 1A,.,Venous Blood,Plasma,NHP,.,10,Tocilizumab,148000,2,hr,320.2,ug/mL,.,.,IV,.,.,5,45,.,60
Nellan 2018 Fig 1A,.,Venous Blood,Plasma,NHP,.,10,Tocilizumab,148000,3,hr,245.99,ug/mL,.,.,IV,.,.,5,45,.,60
Nellan 2018 Fig 1A,.,Venous Blood,Plasma,NHP,.,10,Tocilizumab,148000,4,hr,218.05,ug/mL,.,.,IV,.,.,5,45,.,60
Nellan 2018 Fig 1A,.,Venous Blood,Plasma,NHP,.,10,Tocilizumab,148000,6,hr,200.3,ug/mL,.,.,IV,.,.,5,45,.,60
Nellan 2018 Fig 1A,.,Venous Blood,Plasma,NHP,.,10,Tocilizumab,148000,8,hr,190.04,ug/mL,.,.,IV,.,.,5,45,.,60
Nellan 2018 Fig 1A,.,Venous Blood,Plasma,NHP,.,10,Tocilizumab,148000,24,hr,138.96,ug/mL,.,.,IV,.,.,5,45,.,60
Nellan 2018 Fig 1A,.,Venous Blood,Plasma,NHP,.,10,Tocilizumab,148000,48,hr,129.39,ug/mL,.,.,IV,.,.,5,45,.,60
Nellan 2018 Fig 1A,.,Venous Blood,Plasma,NHP,.,10,Tocilizumab,148000,72,hr,94.63,ug/mL,.,.,IV,.,.,5,45,.,60
Nellan 2018 Fig 1A,.,Venous Blood,Plasma,NHP,.,10,Tocilizumab,148000,120,hr,60.56,ug/mL,.,.,IV,.,.,5,45,.,60
Nellan 2018 Fig 1A,.,Venous Blood,Plasma,NHP,.,10,Tocilizumab,148000,1,hr,86.24,ug/mL,.,.,IV,.,.,5,45,.,61
Nellan 2018 Fig 1A,.,Venous Blood,Plasma,NHP,.,10,Tocilizumab,148000,2,hr,101.83,ug/mL,.,.,IV,.,.,5,45,.,61
Nellan 2018 Fig 1A,.,Venous Blood,Plasma,NHP,.,10,Tocilizumab,148000,3,hr,106.54,ug/mL,.,.,IV,.,.,5,45,.,61
Nellan 2018 Fig 1A,.,Venous Blood,Plasma,NHP,.,10,Tocilizumab,148000,4,hr,124.85,ug/mL,.,.,IV,.,.,5,45,.,61
Nellan 2018 Fig 1A,.,Venous Blood,Plasma,NHP,.,10,Tocilizumab,148000,6,hr,180.57,ug/mL,.,.,IV,.,.,5,45,.,61
Nellan 2018 Fig 1A,.,Venous Blood,Plasma,NHP,.,10,Tocilizumab,148000,8,hr,129.5,ug/mL,.,.,IV,.,.,5,45,.,61
Nellan 2018 Fig 1A,.,Venous Blood,Plasma,NHP,.,10,Tocilizumab,148000,24,hr,56.65,ug/mL,.,.,IV,.,.,5,45,.,61
Nellan 2018 Fig 1A,.,Venous Blood,Plasma,NHP,.,10,Tocilizumab,148000,48,hr,34.15,ug/mL,.,.,IV,.,.,5,45,.,61
Nellan 2018 Fig 1A,.,Venous Blood,Plasma,NHP,.,10,Tocilizumab,148000,72,hr,0.76,ug/mL,.,.,IV,.,.,5,45,.,61
Nellan 2018 Fig 1A,.,Venous Blood,Plasma,NHP,.,10,Tocilizumab,148000,120,hr,0.02,ug/mL,.,.,IV,.,.,5,45,.,61
Schlereth 2016 Fig 2B,.,Venous Blood,Plasma,NHP,.,3,Adalimumab,148000,0.53,hr,75.91,ug/mL,.,.,IV Bolus,.,.,5,45,.,70
Schlereth 2016 Fig 2B,.,Venous Blood,Plasma,NHP,.,3,Adalimumab,148000,5.51,hr,79.29,ug/mL,.,.,IV Bolus,.,.,5,45,.,70
Schlereth 2016 Fig 2B,.,Venous Blood,Plasma,NHP,.,3,Adalimumab,148000,12.08,hr,59.76,ug/mL,.,.,IV Bolus,.,.,5,45,.,70
Schlereth 2016 Fig 2B,.,Venous Blood,Plasma,NHP,.,3,Adalimumab,148000,24.42,hr,38.25,ug/mL,.,.,IV Bolus,.,.,5,45,.,70
Schlereth 2016 Fig 2B,.,Venous Blood,Plasma,NHP,.,3,Adalimumab,148000,48.06,hr,30.11,ug/mL,.,.,IV Bolus,.,.,5,45,.,70
Schlereth 2016 Fig 2B,.,Venous Blood,Plasma,NHP,.,3,Adalimumab,148000,71.95,hr,32.49,ug/mL,.,.,IV Bolus,.,.,5,45,.,70
Schlereth 2016 Fig 2B,.,Venous Blood,Plasma,NHP,.,3,Adalimumab,148000,120.54,hr,29.15,ug/mL,.,.,IV Bolus,.,.,5,45,.,70
Schlereth 2016 Fig 2B,.,Venous Blood,Plasma,NHP,.,3,Adalimumab,148000,168.07,hr,22.94,ug/mL,.,.,IV Bolus,.,.,5,45,.,70
Schlereth 2016 Fig 2B,.,Venous Blood,Plasma,NHP,.,3,Adalimumab,148000,240.02,hr,16.2,ug/mL,.,.,IV Bolus,.,.,5,45,.,70
Schlereth 2016 Fig 2B,.,Venous Blood,Plasma,NHP,.,3,Golimumab,150000,0.26,hr,100.73,ug/mL,.,.,IV Bolus,.,.,5,45,.,71
Schlereth 2016 Fig 2B,.,Venous Blood,Plasma,NHP,.,3,Golimumab,150000,2.1,hr,80.16,ug/mL,.,.,IV Bolus,.,.,5,45,.,71
Schlereth 2016 Fig 2B,.,Venous Blood,Plasma,NHP,.,3,Golimumab,150000,5.78,hr,66.62,ug/mL,.,.,IV Bolus,.,.,5,45,.,71
Schlereth 2016 Fig 2B,.,Venous Blood,Plasma,NHP,.,3,Golimumab,150000,12.08,hr,59.76,ug/mL,.,.,IV Bolus,.,.,5,45,.,71
Schlereth 2016 Fig 2B,.,Venous Blood,Plasma,NHP,.,3,Golimumab,150000,23.9,hr,54.18,ug/mL,.,.,IV Bolus,.,.,5,45,.,71
Schlereth 2016 Fig 2B,.,Venous Blood,Plasma,NHP,.,3,Golimumab,150000,48.06,hr,38.25,ug/mL,.,.,IV Bolus,.,.,5,45,.,71
Schlereth 2016 Fig 2B,.,Venous Blood,Plasma,NHP,.,3,Golimumab,150000,71.95,hr,32.14,ug/mL,.,.,IV Bolus,.,.,5,45,.,71
Schlereth 2016 Fig 2B,.,Venous Blood,Plasma,NHP,.,3,Golimumab,150000,119.75,hr,23.45,ug/mL,.,.,IV Bolus,.,.,5,45,.,71
Schlereth 2016 Fig 2B,.,Venous Blood,Plasma,NHP,.,3,Golimumab,150000,167.8,hr,20.35,ug/mL,.,.,IV Bolus,.,.,5,45,.,71
Schlereth 2016 Fig 2B,.,Venous Blood,Plasma,NHP,.,3,Golimumab,150000,240.02,hr,9.71,ug/mL,.,.,IV Bolus,.,.,5,45,.,71
